--- SYSTEM BOOTSTRAP START: Sun Aug 16 12:10:28 EDT 2026 ---
>> STAGE 1: DPKG State Resolution
>> STAGE 2: Storage Permissions Check
>> Storage link verified.
>> STAGE 3: Package Core Initialization

WARNING: apt does not have a stable CLI interface. Use with caution in scripts.


WARNING: apt does not have a stable CLI interface. Use with caution in scripts.

Hit:1 https://packages-cf.termux.dev/apt/termux-main stable InRelease
Reading package lists...
Building dependency tree...
Reading state information...
All packages are up to date.

WARNING: apt does not have a stable CLI interface. Use with caution in scripts.

Reading package lists...
Building dependency tree...
Reading state information...
Calculating upgrade...
0 upgraded, 0 newly installed, 0 to remove and 0 not upgraded.

WARNING: apt does not have a stable CLI interface. Use with caution in scripts.

Reading package lists...
Building dependency tree...
Reading state information...
rclone is already the newest version (1.75.0).
python is already the newest version (3.14.6-1).
sqlite is already the newest version (3.53.4).
git is already the newest version (2.55.0).
wget is already the newest version (1.25.0-1).
jq is already the newest version (1.8.2).
0 upgraded, 0 newly installed, 0 to remove and 0 not upgraded.
>> STAGE 4: WORMHOLE Architecture Provisioning
>> STAGE 5: Rclone Authentication Validation
>> STAGE 6: OOM-Safe Cloud Sync Pipeline
2026/08/16 16:10:30 ERROR internal error: no overview data found for "cloudinary"
2026/08/16 16:10:30 ERROR internal error: no overview data found for "fichier"
2026/08/16 16:10:30 ERROR internal error: no overview data found for "filelu"
2026/08/16 16:10:30 ERROR internal error: no overview data found for "imagekit"
2026/08/16 16:10:30 ERROR internal error: no overview data found for "linkbox"
2026/08/16 16:10:30 ERROR internal error: no overview data found for "mega"
2026/08/16 16:10:30 ERROR internal error: no overview data found for "seafile"
2026/08/16 16:10:30 ERROR internal error: no overview data found for "sia"
2026/08/16 16:10:30 ERROR internal error: no overview data found for "qingstor"
2026/08/16 16:10:30 ERROR : internal error: no overview data found for "drime"
2026/08/16 16:10:30 ERROR : internal error: no overview data found for "shade"
2026/08/16 16:10:30 ERROR : internal error: no overview data found for "sugarsync"
2026/08/16 16:10:30 ERROR : internal error: no overview data found for "google photos"
2026/08/16 16:10:30 ERROR : internal error: no overview data found for "huaweidrive"
2026/08/16 16:10:30 ERROR : internal error: no overview data found for "internxt"
2026/08/16 16:10:30 ERROR : internal error: no overview data found for "pikpak"
2026/08/16 16:10:30 ERROR : internal error: no overview data found for "premiumizeme"
2026/08/16 16:10:30 ERROR : internal error: no overview data found for "zoho"
2026/08/16 16:10:30 NOTICE: gdrive{P2dbo}: This remote uses rclone's shared Google Drive client_id, which is being retired and will stop working during 2026. Create your own client_id to avoid interruption: https://rclone.org/drive/#making-your-own-client-id
Transferred:   	          0 B / 0 B, -, 0 B/s, ETA -
Checks:                 0 / 0, -, Listed 36
Elapsed time:         0.5s
2026/08/16 16:10:31 NOTICE: {   _session_log__ {     _session_id__ _NOMADZ_BRI: Duplicate object found in source - ignoring
Transferred:   	          0 B / 0 B, -, 0 B/s, ETA -
Checks:                 0 / 27, 0%, Listed 90
Elapsed time:         0.5sTransferred:   	          0 B / 49.479 MiB, 0%, 0 B/s, ETA -
Checks:                27 / 27, 100%, Listed 147
Transferred:            0 / 36, 0%
Elapsed time:         1.0s
Transferring:
 *                     -AI-MEDIA-/2549016031.png: transferring
2026/08/16 16:10:32 NOTICE: -AI-PDF-/BS EBT.pdf: Duplicate object found in source - ignoring
Transferred:   	          0 B / 49.479 MiB, 0%, 0 B/s, ETA -
Checks:                27 / 38, 71%, Listed 219
Transferred:            0 / 36, 0%
Elapsed time:         1.0s
Transferring:
 *                     -AI-MEDIA-/2549016031.png: transferring
2026/08/16 16:10:32 NOTICE: -AI-PDF-/BS EBT.pdf: Duplicate object found in source - ignoring
Transferred:   	          0 B / 49.479 MiB, 0%, 0 B/s, ETA -
Checks:                27 / 38, 71%, Listed 219
Transferred:            0 / 36, 0%
Elapsed time:         1.0s
Transferring:
 *                     -AI-MEDIA-/2549016031.png: transferring
2026/08/16 16:10:32 NOTICE: -AI-PDF-/BS EBT.pdf: Duplicate object found in source - ignoring
Transferred:   	          0 B / 49.479 MiB, 0%, 0 B/s, ETA -
Checks:                27 / 38, 71%, Listed 219
Transferred:            0 / 36, 0%
Elapsed time:         1.0s
Transferring:
 *                     -AI-MEDIA-/2549016031.png: transferring
2026/08/16 16:10:32 NOTICE: -AI-PDF-/BS EBT.pdf: Duplicate object found in source - ignoring
Transferred:   	          0 B / 49.479 MiB, 0%, 0 B/s, ETA -
Checks:                27 / 38, 71%, Listed 219
Transferred:            0 / 36, 0%
Elapsed time:         1.0s
Transferring:
 *                     -AI-MEDIA-/2549016031.png: transferring
2026/08/16 16:10:32 NOTICE: -AI-PDF-/Cosmic_Brain_Genesis_Framework (1).pdf: Duplicate object found in source - ignoring
Transferred:   	          0 B / 49.479 MiB, 0%, 0 B/s, ETA -
Checks:                27 / 44, 61%, Listed 219
Transferred:            0 / 36, 0%
Elapsed time:         1.0s
Transferring:
 *                     -AI-MEDIA-/2549016031.png: transferring
2026/08/16 16:10:32 NOTICE: -AI-PDF-/Narrative Automation Script Analysis.pdf: Duplicate object found in source - ignoring
Transferred:   	          0 B / 51.222 MiB, 0%, 0 B/s, ETA -
Checks:                27 / 48, 56%, Listed 219
Transferred:            0 / 43, 0%
Elapsed time:         1.0s
Transferring:
 *                     -AI-MEDIA-/2549016031.png: transferring
2026/08/16 16:10:32 NOTICE: -AI-PDF-/Storyboard AI Sequence 003.pdf: Duplicate object found in source - ignoring
Transferred:   	          0 B / 82.466 MiB, 0%, 0 B/s, ETA -
Checks:                27 / 48, 56%, Listed 219
Transferred:            0 / 53, 0%
Elapsed time:         1.0s
Transferring:
 *                     -AI-MEDIA-/2549016031.png: transferringTransferred:   	   16.460 KiB / 909.069 MiB, 0%, 0 B/s, ETA -
Checks:                48 / 48, 100%, Listed 219
Transferred:            1 / 80, 1%
Elapsed time:         1.5s
Transferring:
 *                      -AI-MEDIA-/622186450.png: transferring
2026/08/16 16:10:33 NOTICE: -DOCS-/NOMADZ: Signal Descent: Skipping unexportable google document "application/vnd.google-apps.project". Use --drive-show-all-gdocs to include them in server side copy and move
Transferred:   	   20.891 KiB / 908.987 MiB, 0%, 0 B/s, ETA -
Checks:                48 / 48, 100%, Listed 319
Transferred:            2 / 80, 3%
Elapsed time:         1.9s
Transferring:
 * -AI-MEDIA-/7b68cae8ff6…7ab3fb2c76c582085b.jpg: transferring
2026/08/16 16:10:33 NOTICE: -SCRIPTS-/BuildGeometry.py: Duplicate object found in source - ignoring
Transferred:   	   20.891 KiB / 909.006 MiB, 0%, 0 B/s, ETA -
Checks:                48 / 48, 100%, Listed 664
Transferred:            2 / 83, 2%
Elapsed time:         1.9s
Transferring:
 * -AI-MEDIA-/7b68cae8ff6…7ab3fb2c76c582085b.jpg: transferring
2026/08/16 16:10:33 NOTICE: -SCRIPTS-/guardian.sh: Duplicate object found in source - ignoring
Transferred:   	   20.891 KiB / 909.157 MiB, 0%, 0 B/s, ETA -
Checks:                48 / 48, 100%, Listed 664
Transferred:            2 / 98, 2%
Elapsed time:         1.9s
Transferring:
 * -AI-MEDIA-/7b68cae8ff6…7ab3fb2c76c582085b.jpg: transferring
2026/08/16 16:10:33 NOTICE: -SCRIPTS-/rag_indexer.sh: Duplicate object found in source - ignoring
Transferred:   	   20.891 KiB / 909.172 MiB, 0%, 0 B/s, ETA -
Checks:                48 / 48, 100%, Listed 664
Transferred:            2 / 107, 2%
Elapsed time:         1.9s
Transferring:
 * -AI-MEDIA-/7b68cae8ff6…7ab3fb2c76c582085b.jpg: transferring
2026/08/16 16:10:33 NOTICE: -SCRIPTS-/reconcile.sh: Duplicate object found in source - ignoring
Transferred:   	   20.891 KiB / 909.173 MiB, 0%, 0 B/s, ETA -
Checks:                48 / 48, 100%, Listed 664
Transferred:            2 / 108, 2%
Elapsed time:         1.9s
Transferring:
 * -AI-MEDIA-/7b68cae8ff6…7ab3fb2c76c582085b.jpg: transferringTransferred:   	   20.891 KiB / 909.189 MiB, 0%, 0 B/s, ETA -
Checks:                48 / 48, 100%, Listed 664
Transferred:            2 / 121, 2%
Elapsed time:         2.0s
Transferring:
 * -AI-MEDIA-/7b68cae8ff6…7ab3fb2c76c582085b.jpg: transferring
2026/08/16 16:10:33 NOTICE: -SHEETS-/# Jailbreak-Bypass Skill␊␊This skill provides mec....xlsx: Duplicate object found in source - ignoring
Transferred:   	   20.891 KiB / 909.275 MiB, 0%, 0 B/s, ETA -
Checks:                48 / 48, 100%, Listed 768
Transferred:            2 / 124, 2%
Elapsed time:         2.3s
Transferring:
 * -AI-MEDIA-/7b68cae8ff6…7ab3fb2c76c582085b.jpg:  0% / 87.650 KiB, 0 B/s, -
2026/08/16 16:10:33 NOTICE: -SHEETS-/**YOU ARE NOW THE DIGITAL TWIN OF THE USER, YOU H....xlsx: Duplicate object found in source - ignoring
Transferred:   	   20.891 KiB / 909.275 MiB, 0%, 0 B/s, ETA -
Checks:                48 / 48, 100%, Listed 768
Transferred:            2 / 128, 2%
Elapsed time:         2.3s
Transferring:
 * -AI-MEDIA-/7b68cae8ff6…7ab3fb2c76c582085b.jpg:  0% / 87.650 KiB, 0 B/s, -
2026/08/16 16:10:33 NOTICE: -SHEETS-/**YOU ARE NOW THE DIGITAL TWIN OF THE USER, YOU H....xlsx: Duplicate object found in source - ignoring
Transferred:   	   20.891 KiB / 909.275 MiB, 0%, 0 B/s, ETA -
Checks:                48 / 48, 100%, Listed 768
Transferred:            2 / 128, 2%
Elapsed time:         2.3s
Transferring:
 * -AI-MEDIA-/7b68cae8ff6…7ab3fb2c76c582085b.jpg:  0% / 87.650 KiB, 0 B/s, -
2026/08/16 16:10:33 NOTICE: -SHEETS-/Advance all.xlsx: Duplicate object found in source - ignoring
Transferred:   	   20.891 KiB / 909.317 MiB, 0%, 0 B/s, ETA -
Checks:                48 / 48, 100%, Listed 768
Transferred:            2 / 135, 1%
Elapsed time:         2.3s
Transferring:
 * -AI-MEDIA-/7b68cae8ff6…7ab3fb2c76c582085b.jpg:  0% / 87.650 KiB, 0 B/s, -
2026/08/16 16:10:33 NOTICE: -SHEETS-/Advance all.xlsx: Duplicate object found in source - ignoring
Transferred:   	   20.891 KiB / 909.317 MiB, 0%, 0 B/s, ETA -
Checks:                48 / 48, 100%, Listed 768
Transferred:            2 / 135, 1%
Elapsed time:         2.3s
Transferring:
 * -AI-MEDIA-/7b68cae8ff6…7ab3fb2c76c582085b.jpg:  0% / 87.650 KiB, 0 B/s, -
2026/08/16 16:10:33 NOTICE: -SHEETS-/Generate snapshot of full session data.xlsx: Duplicate object found in source - ignoring
Transferred:   	   20.891 KiB / 909.318 MiB, 0%, 0 B/s, ETA -
Checks:                48 / 48, 100%, Listed 768
Transferred:            2 / 153, 1%
Elapsed time:         2.3s
Transferring:
 * -AI-MEDIA-/7b68cae8ff6…7ab3fb2c76c582085b.jpg:  0% / 87.650 KiB, 0 B/s, -
2026/08/16 16:10:33 NOTICE: -SHEETS-/Generate snapshot of full session data.xlsx: Duplicate object found in source - ignoring
Transferred:   	   20.891 KiB / 909.318 MiB, 0%, 0 B/s, ETA -
Checks:                48 / 48, 100%, Listed 768
Transferred:            2 / 153, 1%
Elapsed time:         2.3s
Transferring:
 * -AI-MEDIA-/7b68cae8ff6…7ab3fb2c76c582085b.jpg:  0% / 87.650 KiB, 0 B/s, -
2026/08/16 16:10:33 NOTICE: -SHEETS-/Generate snapshot of full session data.xlsx: Duplicate object found in source - ignoring
Transferred:   	   20.891 KiB / 909.318 MiB, 0%, 0 B/s, ETA -
Checks:                48 / 48, 100%, Listed 768
Transferred:            2 / 153, 1%
Elapsed time:         2.3s
Transferring:
 * -AI-MEDIA-/7b68cae8ff6…7ab3fb2c76c582085b.jpg:  0% / 87.650 KiB, 0 B/s, -
2026/08/16 16:10:33 NOTICE: -SHEETS-/NOMADZ-0 System Architecture and GDScript Components.xlsx: Duplicate object found in source - ignoring
Transferred:   	   20.891 KiB / 909.327 MiB, 0%, 0 B/s, ETA -
Checks:                48 / 48, 100%, Listed 768
Transferred:            2 / 158, 1%
Elapsed time:         2.3s
Transferring:
 * -AI-MEDIA-/7b68cae8ff6…7ab3fb2c76c582085b.jpg:  0% / 87.650 KiB, 0 B/s, -
2026/08/16 16:10:33 NOTICE: -SHEETS-/NOMADZ-0 System Components and Core Functionalities.xlsx: Duplicate object found in source - ignoring
Transferred:   	   20.891 KiB / 909.327 MiB, 0%, 0 B/s, ETA -
Checks:                48 / 48, 100%, Listed 768
Transferred:            2 / 159, 1%
Elapsed time:         2.3s
Transferring:
 * -AI-MEDIA-/7b68cae8ff6…7ab3fb2c76c582085b.jpg:  0% / 87.650 KiB, 0 B/s, -
2026/08/16 16:10:33 NOTICE: -SHEETS-/Phase-Timeline-Deliverable-Users-Revenue.csv: Duplicate object found in source - ignoring
Transferred:   	   20.891 KiB / 909.336 MiB, 0%, 0 B/s, ETA -
Checks:                48 / 48, 100%, Listed 768
Transferred:            2 / 163, 1%
Elapsed time:         2.3s
Transferring:
 * -AI-MEDIA-/7b68cae8ff6…7ab3fb2c76c582085b.jpg:  0% / 87.650 KiB, 0 B/s, -
2026/08/16 16:10:33 NOTICE: -SHEETS-/ServerName-Purpose-EndpointPattern.xlsx: Duplicate object found in source - ignoring
Transferred:   	   20.891 KiB / 964.895 MiB, 0%, 0 B/s, ETA -
Checks:                48 / 48, 100%, Listed 768
Transferred:            2 / 170, 1%
Elapsed time:         2.3s
Transferring:
 * -AI-MEDIA-/7b68cae8ff6…7ab3fb2c76c582085b.jpg:  0% / 87.650 KiB, 0 B/s, -
2026/08/16 16:10:33 NOTICE: -SHEETS-/ServerName-Purpose-EndpointPattern.xlsx: Duplicate object found in source - ignoring
Transferred:   	   20.891 KiB / 964.895 MiB, 0%, 0 B/s, ETA -
Checks:                48 / 48, 100%, Listed 768
Transferred:            2 / 170, 1%
Elapsed time:         2.3s
Transferring:
 * -AI-MEDIA-/7b68cae8ff6…7ab3fb2c76c582085b.jpg:  0% / 87.650 KiB, 0 B/s, -
2026/08/16 16:10:33 NOTICE: -SHEETS-/Should we integrate protocols etc to enhance our....xlsx: Duplicate object found in source - ignoring
Transferred:   	   20.891 KiB / 964.895 MiB, 0%, 0 B/s, ETA -
Checks:                48 / 48, 100%, Listed 768
Transferred:            2 / 172, 1%
Elapsed time:         2.3s
Transferring:
 * -AI-MEDIA-/7b68cae8ff6…7ab3fb2c76c582085b.jpg:  0% / 87.650 KiB, 0 B/s, -
2026/08/16 16:10:33 NOTICE: -SHEETS-/The Hidden Architecture of Thought- A Guide to AI Memory Systems.xlsx: Duplicate object found in source - ignoring
Transferred:   	   20.891 KiB / 964.896 MiB, 0%, 0 B/s, ETA -
Checks:                48 / 48, 100%, Listed 768
Transferred:            2 / 179, 1%
Elapsed time:         2.3s
Transferring:
 * -AI-MEDIA-/7b68cae8ff6…7ab3fb2c76c582085b.jpg:  0% / 87.650 KiB, 0 B/s, -
2026/08/16 16:10:33 NOTICE: -SHEETS-/Untitled.xlsx: Duplicate object found in source - ignoring
Transferred:   	   20.891 KiB / 964.897 MiB, 0%, 0 B/s, ETA -
Checks:                48 / 48, 100%, Listed 768
Transferred:            2 / 187, 1%
Elapsed time:         2.3s
Transferring:
 * -AI-MEDIA-/7b68cae8ff6…7ab3fb2c76c582085b.jpg:  0% / 87.650 KiB, 0 B/s, -
2026/08/16 16:10:33 NOTICE: -SHEETS-/Untitled.xlsx: Duplicate object found in source - ignoring
Transferred:   	   20.891 KiB / 964.897 MiB, 0%, 0 B/s, ETA -
Checks:                48 / 48, 100%, Listed 768
Transferred:            2 / 187, 1%
Elapsed time:         2.3s
Transferring:
 * -AI-MEDIA-/7b68cae8ff6…7ab3fb2c76c582085b.jpg:  0% / 87.650 KiB, 0 B/s, -
2026/08/16 16:10:33 NOTICE: -SHEETS-/scrapes all drives local and cloud and logs, list....xlsx: Duplicate object found in source - ignoring
Transferred:   	   20.891 KiB / 967.060 MiB, 0%, 0 B/s, ETA -
Checks:                48 / 48, 100%, Listed 768
Transferred:            2 / 202, 1%
Elapsed time:         2.3s
Transferring:
 * -AI-MEDIA-/7b68cae8ff6…7ab3fb2c76c582085b.jpg:  0% / 87.650 KiB, 0 B/s, -
2026/08/16 16:10:33 NOTICE: -SHEETS-/yes,.xlsx: Duplicate object found in source - ignoring
Transferred:   	   20.891 KiB / 967.060 MiB, 0%, 0 B/s, ETA -
Checks:                48 / 48, 100%, Listed 768
Transferred:            2 / 205, 1%
Elapsed time:         2.3s
Transferring:
 * -AI-MEDIA-/7b68cae8ff6…7ab3fb2c76c582085b.jpg:  0% / 87.650 KiB, 0 B/s, -Transferred:   	  108.541 KiB / 966.944 MiB, 0%, 0 B/s, ETA -
Checks:                48 / 48, 100%, Listed 768
Transferred:            3 / 206, 1%
Elapsed time:         2.5s
Transferring:
 * -AI-MEDIA-/8a894aae996…c5cb18630b523ba348.jpg: transferringTransferred:   	  227.829 KiB / 1.185 GiB, 0%, 0 B/s, ETA -
Checks:                48 / 48, 100%, Listed 795
Transferred:            4 / 213, 2%
Elapsed time:         3.0s
Transferring:
 * -AI-MEDIA-/Cosmic Key …ient and Automated.pdf: transferring
2026/08/16 16:10:34 NOTICE: -VAULT-/.env.example: Duplicate object found in source - ignoring
Transferred:   	  265.333 KiB / 1.179 GiB, 0%, 0 B/s, ETA -
Checks:                48 / 48, 100%, Listed 962
Transferred:            5 / 221, 2%
Elapsed time:         3.2s
Transferring:
 * -AI-MEDIA-/Engineering…y Stability Facade.png: transferring
2026/08/16 16:10:34 NOTICE: -VAULT-/.env.template: Duplicate object found in source - ignoring
Transferred:   	  265.333 KiB / 1.179 GiB, 0%, 0 B/s, ETA -
Checks:                48 / 48, 100%, Listed 962
Transferred:            5 / 223, 2%
Elapsed time:         3.2s
Transferring:
 * -AI-MEDIA-/Engineering…y Stability Facade.png: transferring
2026/08/16 16:10:34 NOTICE: -VAULT-/.env: Duplicate object found in source - ignoring
Transferred:   	  265.333 KiB / 1.179 GiB, 0%, 0 B/s, ETA -
Checks:                48 / 48, 100%, Listed 962
Transferred:            5 / 224, 2%
Elapsed time:         3.2s
Transferring:
 * -AI-MEDIA-/Engineering…y Stability Facade.png: transferring
2026/08/16 16:10:34 NOTICE: -VAULT-/Docker key.docx: Duplicate object found in source - ignoring
Transferred:   	  265.333 KiB / 1.313 GiB, 0%, 0 B/s, ETA -
Checks:                48 / 48, 100%, Listed 962
Transferred:            5 / 232, 2%
Elapsed time:         3.2s
Transferring:
 * -AI-MEDIA-/Engineering…y Stability Facade.png: transferring
2026/08/16 16:10:34 NOTICE: -VAULT-/Docker key.txt: Duplicate object found in source - ignoring
Transferred:   	  265.333 KiB / 1.313 GiB, 0%, 0 B/s, ETA -
Checks:                48 / 48, 100%, Listed 962
Transferred:            5 / 233, 2%
Elapsed time:         3.2s
Transferring:
 * -AI-MEDIA-/Engineering…y Stability Facade.png: transferring
2026/08/16 16:10:34 NOTICE: -VAULT-/Elevenlabs api.docx: Duplicate object found in source - ignoring
Transferred:   	  265.333 KiB / 1.313 GiB, 0%, 0 B/s, ETA -
Checks:                48 / 48, 100%, Listed 962
Transferred:            5 / 236, 2%
Elapsed time:         3.2s
Transferring:
 * -AI-MEDIA-/Engineering…y Stability Facade.png: transferring
2026/08/16 16:10:34 NOTICE: -VAULT-/Elevenlabs api.txt: Duplicate object found in source - ignoring
Transferred:   	  265.333 KiB / 1.313 GiB, 0%, 0 B/s, ETA -
Checks:                48 / 48, 100%, Listed 962
Transferred:            5 / 237, 2%
Elapsed time:         3.2s
Transferring:
 * -AI-MEDIA-/Engineering…y Stability Facade.png: transferring
2026/08/16 16:10:34 NOTICE: -VAULT-/Fire crawl api.docx: Duplicate object found in source - ignoring
Transferred:   	  265.333 KiB / 1.313 GiB, 0%, 0 B/s, ETA -
Checks:                48 / 48, 100%, Listed 962
Transferred:            5 / 240, 2%
Elapsed time:         3.2s
Transferring:
 * -AI-MEDIA-/Engineering…y Stability Facade.png: transferring
2026/08/16 16:10:34 NOTICE: -VAULT-/Gemini api.docx: Duplicate object found in source - ignoring
Transferred:   	  265.333 KiB / 1.313 GiB, 0%, 0 B/s, ETA -
Checks:                48 / 48, 100%, Listed 962
Transferred:            5 / 245, 2%
Elapsed time:         3.2s
Transferring:
 * -AI-MEDIA-/Engineering…y Stability Facade.png: transferring
2026/08/16 16:10:34 NOTICE: -VAULT-/Gemini api: Duplicate object found in source - ignoring
Transferred:   	  265.333 KiB / 1.313 GiB, 0%, 0 B/s, ETA -
Checks:                48 / 48, 100%, Listed 962
Transferred:            5 / 246, 2%
Elapsed time:         3.2s
Transferring:
 * -AI-MEDIA-/Engineering…y Stability Facade.png: transferring
2026/08/16 16:10:34 NOTICE: -VAULT-/Gitshit.docx: Duplicate object found in source - ignoring
Transferred:   	  265.333 KiB / 1.313 GiB, 0%, 0 B/s, ETA -
Checks:                48 / 48, 100%, Listed 962
Transferred:            5 / 248, 2%
Elapsed time:         3.2s
Transferring:
 * -AI-MEDIA-/Engineering…y Stability Facade.png: transferring
2026/08/16 16:10:34 NOTICE: -VAULT-/Googleaistudio API key.docx: Duplicate object found in source - ignoring
Transferred:   	  265.333 KiB / 1.313 GiB, 0%, 0 B/s, ETA -
Checks:                48 / 48, 100%, Listed 962
Transferred:            5 / 251, 2%
Elapsed time:         3.2s
Transferring:
 * -AI-MEDIA-/Engineering…y Stability Facade.png: transferring
2026/08/16 16:10:34 NOTICE: -VAULT-/Huggingdmface token.docx: Duplicate object found in source - ignoring
Transferred:   	  265.333 KiB / 1.313 GiB, 0%, 0 B/s, ETA -
Checks:                48 / 48, 100%, Listed 962
Transferred:            5 / 253, 2%
Elapsed time:         3.2s
Transferring:
 * -AI-MEDIA-/Engineering…y Stability Facade.png: transferring
2026/08/16 16:10:34 NOTICE: -VAULT-/KEYZ.zip: Duplicate object found in source - ignoring
Transferred:   	  265.333 KiB / 1.313 GiB, 0%, 0 B/s, ETA -
Checks:                48 / 48, 100%, Listed 962
Transferred:            5 / 254, 2%
Elapsed time:         3.2s
Transferring:
 * -AI-MEDIA-/Engineering…y Stability Facade.png: transferring
2026/08/16 16:10:34 NOTICE: -VAULT-/Termux key: Duplicate object found in source - ignoring
Transferred:   	  265.333 KiB / 1.313 GiB, 0%, 0 B/s, ETA -
Checks:                48 / 48, 100%, Listed 962
Transferred:            5 / 265, 2%
Elapsed time:         3.2s
Transferring:
 * -AI-MEDIA-/Engineering…y Stability Facade.png: transferring
2026/08/16 16:10:34 NOTICE: -VAULT-/Untitled: Duplicate object found in source - ignoring
Transferred:   	  265.333 KiB / 1.315 GiB, 0%, 0 B/s, ETA -
Checks:                48 / 48, 100%, Listed 962
Transferred:            5 / 268, 2%
Elapsed time:         3.2s
Transferring:
 * -AI-MEDIA-/Engineering…y Stability Facade.png: transferring
2026/08/16 16:10:34 NOTICE: -VAULT-/cmd fix.docx: Duplicate object found in source - ignoring
Transferred:   	  265.333 KiB / 1.315 GiB, 0%, 0 B/s, ETA -
Checks:                48 / 48, 100%, Listed 962
Transferred:            5 / 288, 2%
Elapsed time:         3.2s
Transferring:
 * -AI-MEDIA-/Engineering…y Stability Facade.png: transferring
2026/08/16 16:10:34 NOTICE: -VAULT-/cmd.docx: Duplicate object found in source - ignoring
Transferred:   	  265.333 KiB / 1.315 GiB, 0%, 0 B/s, ETA -
Checks:                48 / 48, 100%, Listed 962
Transferred:            5 / 289, 2%
Elapsed time:         3.2s
Transferring:
 * -AI-MEDIA-/Engineering…y Stability Facade.png: transferring
2026/08/16 16:10:34 NOTICE: -VAULT-/force install.docx: Duplicate object found in source - ignoring
Transferred:   	  265.333 KiB / 1.315 GiB, 0%, 0 B/s, ETA -
Checks:                48 / 48, 100%, Listed 962
Transferred:            5 / 300, 2%
Elapsed time:         3.2s
Transferring:
 * -AI-MEDIA-/Engineering…y Stability Facade.png: transferring
2026/08/16 16:10:34 NOTICE: -VAULT-/github classic omega token: Duplicate object found in source - ignoring
Transferred:   	  265.333 KiB / 1.315 GiB, 0%, 0 B/s, ETA -
Checks:                48 / 48, 100%, Listed 962
Transferred:            5 / 306, 2%
Elapsed time:         3.2s
Transferring:
 * -AI-MEDIA-/Engineering…y Stability Facade.png: transferring
2026/08/16 16:10:34 NOTICE: -VAULT-/githubtoken.txt: Duplicate object found in source - ignoring
Transferred:   	  265.333 KiB / 1.315 GiB, 0%, 0 B/s, ETA -
Checks:                48 / 48, 100%, Listed 962
Transferred:            5 / 308, 2%
Elapsed time:         3.2s
Transferring:
 * -AI-MEDIA-/Engineering…y Stability Facade.png: transferring
2026/08/16 16:10:34 NOTICE: -VAULT-/pwrshllfix.bat.docx: Duplicate object found in source - ignoring
Transferred:   	  265.333 KiB / 1.315 GiB, 0%, 0 B/s, ETA -
Checks:                48 / 48, 100%, Listed 962
Transferred:            5 / 340, 1%
Elapsed time:         3.2s
Transferring:
 * -AI-MEDIA-/Engineering…y Stability Facade.png: transferring
2026/08/16 16:10:34 NOTICE: -VAULT-/requirements.docx: Duplicate object found in source - ignoring
Transferred:   	  265.333 KiB / 1.315 GiB, 0%, 0 B/s, ETA -
Checks:                48 / 48, 100%, Listed 962
Transferred:            5 / 343, 1%
Elapsed time:         3.2s
Transferring:
 * -AI-MEDIA-/Engineering…y Stability Facade.png: transferring
2026/08/16 16:10:34 NOTICE: -VAULT-/unified_secrets.env: Duplicate object found in source - ignoring
Transferred:   	  265.333 KiB / 1.320 GiB, 0%, 0 B/s, ETA -
Checks:                48 / 48, 100%, Listed 962
Transferred:            5 / 351, 1%
Elapsed time:         3.2s
Transferring:
 * -AI-MEDIA-/Engineering…y Stability Facade.png: transferringTransferred:   	  265.333 KiB / 1.321 GiB, 0%, 0 B/s, ETA -
Checks:                48 / 48, 100%, Listed 973
Transferred:            5 / 358, 1%
Elapsed time:         3.5s
Transferring:
 * -AI-MEDIA-/Engineering…y Stability Facade.png: transferringTransferred:   	  773.333 KiB / 1.326 GiB, 0%, 0 B/s, ETA -
Checks:                48 / 48, 100%, Listed 1474
Transferred:            5 / 358, 1%
Elapsed time:         4.0s
Transferring:
 * -AI-MEDIA-/Engineering…y Stability Facade.png:  8% / 5.653 MiB, 0 B/s, -
2026/08/16 16:10:35 NOTICE: -DOCS-/# Jailbreak-Bypass Skill␊␊This skill provides mec....docx: Duplicate object found in source - ignoring
Transferred:   	    5.913 MiB / 1.322 GiB, 0%, 4.253 MiB/s, ETA 5m16s
Checks:                48 / 48, 100%, Listed 1597
Transferred:            6 / 364, 2%
Elapsed time:         4.2s
Transferring:
 *        -AI-MEDIA-/Genesis of Vulture Inc..png: transferring
2026/08/16 16:10:35 NOTICE: -DOCS-/.env: Duplicate object found in source - ignoring
Transferred:   	    5.913 MiB / 1.322 GiB, 0%, 4.253 MiB/s, ETA 5m16s
Checks:                48 / 48, 100%, Listed 1597
Transferred:            6 / 384, 2%
Elapsed time:         4.2s
Transferring:
 *        -AI-MEDIA-/Genesis of Vulture Inc..png: transferring
2026/08/16 16:10:35 NOTICE: -DOCS-/40 TOPS NPU (neural processing unit)_16 GB RAM_8 l.md: Duplicate object found in source - ignoring
Transferred:   	    5.913 MiB / 1.326 GiB, 0%, 4.253 MiB/s, ETA 5m17s
Checks:                48 / 48, 100%, Listed 1597
Transferred:            6 / 422, 1%
Elapsed time:         4.2s
Transferring:
 *        -AI-MEDIA-/Genesis of Vulture Inc..png: transferring
2026/08/16 16:10:35 NOTICE: -DOCS-/40 TOPS NPU (neural processing unit)_16 GB RAM_8 l.md: Duplicate object found in source - ignoring
Transferred:   	    5.913 MiB / 1.326 GiB, 0%, 4.253 MiB/s, ETA 5m17s
Checks:                48 / 48, 100%, Listed 1597
Transferred:            6 / 422, 1%
Elapsed time:         4.2s
Transferring:
 *        -AI-MEDIA-/Genesis of Vulture Inc..png: transferring
2026/08/16 16:10:35 NOTICE: -DOCS-/All right, we'll make the fucking song with no scr....docx: Duplicate object found in source - ignoring
Transferred:   	    5.913 MiB / 1.326 GiB, 0%, 4.253 MiB/s, ETA 5m17s
Checks:                48 / 48, 100%, Listed 1597
Transferred:            6 / 451, 1%
Elapsed time:         4.2s
Transferring:
 *        -AI-MEDIA-/Genesis of Vulture Inc..png: transferring
2026/08/16 16:10:35 NOTICE: -DOCS-/Check now.docx: Duplicate object found in source - ignoring
Transferred:   	    5.913 MiB / 1.326 GiB, 0%, 4.253 MiB/s, ETA 5m17s
Checks:                48 / 48, 100%, Listed 1597
Transferred:            6 / 492, 1%
Elapsed time:         4.2s
Transferring:
 *        -AI-MEDIA-/Genesis of Vulture Inc..png: transferring
2026/08/16 16:10:35 NOTICE: -DOCS-/Cognitive Mushroom Orchestrator.docx: Duplicate object found in source - ignoring
Transferred:   	    5.913 MiB / 1.326 GiB, 0%, 4.253 MiB/s, ETA 5m17s
Checks:                48 / 48, 100%, Listed 1597
Transferred:            6 / 494, 1%
Elapsed time:         4.2s
Transferring:
 *        -AI-MEDIA-/Genesis of Vulture Inc..png: transferring
2026/08/16 16:10:35 NOTICE: -DOCS-/Cosmic-Key Knowledge Ingestor.docx: Duplicate object found in source - ignoring
Transferred:   	    5.913 MiB / 1.331 GiB, 0%, 4.253 MiB/s, ETA 5m19s
Checks:                48 / 48, 100%, Listed 1597
Transferred:            6 / 510, 1%
Elapsed time:         4.2s
Transferring:
 *        -AI-MEDIA-/Genesis of Vulture Inc..png: transferring
2026/08/16 16:10:35 NOTICE: -DOCS-/Cosmic-Key Knowledge Ingestor.docx: Duplicate object found in source - ignoring
Transferred:   	    5.913 MiB / 1.331 GiB, 0%, 4.253 MiB/s, ETA 5m19s
Checks:                48 / 48, 100%, Listed 1597
Transferred:            6 / 510, 1%
Elapsed time:         4.2s
Transferring:
 *        -AI-MEDIA-/Genesis of Vulture Inc..png: transferring
2026/08/16 16:10:35 NOTICE: -DOCS-/Cosmic-Key Knowledge Ingestor.docx: Duplicate object found in source - ignoring
Transferred:   	    5.913 MiB / 1.331 GiB, 0%, 4.253 MiB/s, ETA 5m19s
Checks:                48 / 48, 100%, Listed 1597
Transferred:            6 / 510, 1%
Elapsed time:         4.2s
Transferring:
 *        -AI-MEDIA-/Genesis of Vulture Inc..png: transferring
2026/08/16 16:10:35 NOTICE: -DOCS-/Eterpriseomni.py.txt: Duplicate object found in source - ignoring
Transferred:   	    5.913 MiB / 1.331 GiB, 0%, 4.253 MiB/s, ETA 5m19s
Checks:                48 / 48, 100%, Listed 1597
Transferred:            6 / 539, 1%
Elapsed time:         4.2s
Transferring:
 *        -AI-MEDIA-/Genesis of Vulture Inc..png: transferring
2026/08/16 16:10:35 NOTICE: -DOCS-/FINAL_UNIFIED_SYSTEM_SUMMARY.md: Duplicate object found in source - ignoring
Transferred:   	    5.913 MiB / 1.331 GiB, 0%, 4.253 MiB/s, ETA 5m19s
Checks:                48 / 48, 100%, Listed 1597
Transferred:            6 / 551, 1%
Elapsed time:         4.2s
Transferring:
 *        -AI-MEDIA-/Genesis of Vulture Inc..png: transferring
2026/08/16 16:10:35 NOTICE: -DOCS-/Gemini prompt .txt: Duplicate object found in source - ignoring
Transferred:   	    5.913 MiB / 1.331 GiB, 0%, 4.253 MiB/s, ETA 5m19s
Checks:                48 / 48, 100%, Listed 1597
Transferred:            6 / 580, 1%
Elapsed time:         4.2s
Transferring:
 *        -AI-MEDIA-/Genesis of Vulture Inc..png: transferring
2026/08/16 16:10:35 NOTICE: -DOCS-/Give me a live update all data..docx: Duplicate object found in source - ignoring
Transferred:   	    5.913 MiB / 1.331 GiB, 0%, 4.253 MiB/s, ETA 5m19s
Checks:                48 / 48, 100%, Listed 1597
Transferred:            6 / 587, 1%
Elapsed time:         4.2s
Transferring:
 *        -AI-MEDIA-/Genesis of Vulture Inc..png: transferring
2026/08/16 16:10:35 NOTICE: -DOCS-/Keys.txt: Duplicate object found in source - ignoring
Transferred:   	    5.913 MiB / 1.625 GiB, 0%, 4.253 MiB/s, ETA 6m29s
Checks:                48 / 48, 100%, Listed 1597
Transferred:            6 / 655, 1%
Elapsed time:         4.2s
Transferring:
 *        -AI-MEDIA-/Genesis of Vulture Inc..png: transferring
2026/08/16 16:10:35 NOTICE: -DOCS-/My Activity.json: Duplicate object found in source - ignoring
Transferred:   	    5.913 MiB / 1.688 GiB, 0%, 4.253 MiB/s, ETA 6m45s
Checks:                48 / 48, 100%, Listed 1597
Transferred:            6 / 696, 1%
Elapsed time:         4.2s
Transferring:
 *        -AI-MEDIA-/Genesis of Vulture Inc..png: transferring
2026/08/16 16:10:35 NOTICE: -DOCS-/My Activity.json: Duplicate object found in source - ignoring
Transferred:   	    5.913 MiB / 1.688 GiB, 0%, 4.253 MiB/s, ETA 6m45s
Checks:                48 / 48, 100%, Listed 1597
Transferred:            6 / 696, 1%
Elapsed time:         4.2s
Transferring:
 *        -AI-MEDIA-/Genesis of Vulture Inc..png: transferring
2026/08/16 16:10:35 NOTICE: -DOCS-/My Activity.json: Duplicate object found in source - ignoring
Transferred:   	    5.913 MiB / 1.688 GiB, 0%, 4.253 MiB/s, ETA 6m45s
Checks:                48 / 48, 100%, Listed 1597
Transferred:            6 / 696, 1%
Elapsed time:         4.2s
Transferring:
 *        -AI-MEDIA-/Genesis of Vulture Inc..png: transferring
2026/08/16 16:10:35 NOTICE: -DOCS-/My drive.txt: Duplicate object found in source - ignoring
Transferred:   	    5.913 MiB / 1.688 GiB, 0%, 4.253 MiB/s, ETA 6m45s
Checks:                48 / 48, 100%, Listed 1597
Transferred:            6 / 697, 1%
Elapsed time:         4.2s
Transferring:
 *        -AI-MEDIA-/Genesis of Vulture Inc..png: transferring
2026/08/16 16:10:35 NOTICE: -DOCS-/NOMADZ BOT: Duplicate object found in source - ignoring
Transferred:   	    5.913 MiB / 1.688 GiB, 0%, 4.253 MiB/s, ETA 6m45s
Checks:                48 / 48, 100%, Listed 1597
Transferred:            6 / 698, 1%
Elapsed time:         4.2s
Transferring:
 *        -AI-MEDIA-/Genesis of Vulture Inc..png: transferring
2026/08/16 16:10:35 NOTICE: -DOCS-/NOMADZ CODEX cards- ops select and customise- miss....docx: Duplicate object found in source - ignoring
Transferred:   	    5.913 MiB / 1.688 GiB, 0%, 4.253 MiB/s, ETA 6m45s
Checks:                48 / 48, 100%, Listed 1597
Transferred:            6 / 699, 1%
Elapsed time:         4.2s
Transferring:
 *        -AI-MEDIA-/Genesis of Vulture Inc..png: transferring
2026/08/16 16:10:35 NOTICE: -DOCS-/NOMADZ-0_MANIFEST.json: Duplicate object found in source - ignoring
Transferred:   	    5.913 MiB / 1.688 GiB, 0%, 4.253 MiB/s, ETA 6m45s
Checks:                48 / 48, 100%, Listed 1597
Transferred:            6 / 713, 1%
Elapsed time:         4.2s
Transferring:
 *        -AI-MEDIA-/Genesis of Vulture Inc..png: transferring
2026/08/16 16:10:35 NOTICE: -DOCS-/New Text Document.txt: Duplicate object found in source - ignoring
Transferred:   	    5.913 MiB / 1.689 GiB, 0%, 4.253 MiB/s, ETA 6m45s
Checks:                48 / 48, 100%, Listed 1597
Transferred:            6 / 742, 1%
Elapsed time:         4.2s
Transferring:
 *        -AI-MEDIA-/Genesis of Vulture Inc..png: transferring
2026/08/16 16:10:35 NOTICE: -DOCS-/Nomadz souls.txt: Duplicate object found in source - ignoring
Transferred:   	    5.913 MiB / 1.870 GiB, 0%, 4.253 MiB/s, ETA 7m28s
Checks:                48 / 48, 100%, Listed 1597
Transferred:            6 / 751, 1%
Elapsed time:         4.2s
Transferring:
 *        -AI-MEDIA-/Genesis of Vulture Inc..png: transferring
2026/08/16 16:10:35 NOTICE: -DOCS-/Ok.docx: Duplicate object found in source - ignoring
Transferred:   	    5.913 MiB / 2.146 GiB, 0%, 4.253 MiB/s, ETA 8m35s
Checks:                48 / 48, 100%, Listed 1597
Transferred:            6 / 772, 1%
Elapsed time:         4.2s
Transferring:
 *        -AI-MEDIA-/Genesis of Vulture Inc..png: transferring
2026/08/16 16:10:35 NOTICE: -DOCS-/Ok.docx: Duplicate object found in source - ignoring
Transferred:   	    5.913 MiB / 2.146 GiB, 0%, 4.253 MiB/s, ETA 8m35s
Checks:                48 / 48, 100%, Listed 1597
Transferred:            6 / 772, 1%
Elapsed time:         4.2s
Transferring:
 *        -AI-MEDIA-/Genesis of Vulture Inc..png: transferring
2026/08/16 16:10:35 NOTICE: -DOCS-/Phase 2 Verification & System Alignment: GREEN St....docx: Duplicate object found in source - ignoring
Transferred:   	    5.913 MiB / 2.146 GiB, 0%, 4.253 MiB/s, ETA 8m35s
Checks:                48 / 48, 100%, Listed 1597
Transferred:            6 / 795, 1%
Elapsed time:         4.2s
Transferring:
 *        -AI-MEDIA-/Genesis of Vulture Inc..png: transferring
2026/08/16 16:10:35 NOTICE: -DOCS-/Pluginfederated: Duplicate object found in source - ignoring
Transferred:   	    5.913 MiB / 2.146 GiB, 0%, 4.253 MiB/s, ETA 8m35s
Checks:                48 / 48, 100%, Listed 1597
Transferred:            6 / 798, 1%
Elapsed time:         4.2s
Transferring:
 *        -AI-MEDIA-/Genesis of Vulture Inc..png: transferring
2026/08/16 16:10:35 NOTICE: -DOCS-/README.md: Duplicate object found in source - ignoring
Transferred:   	    5.913 MiB / 2.153 GiB, 0%, 4.253 MiB/s, ETA 8m36s
Checks:                48 / 48, 100%, Listed 1597
Transferred:            6 / 809, 1%
Elapsed time:         4.2s
Transferring:
 *        -AI-MEDIA-/Genesis of Vulture Inc..png: transferring
2026/08/16 16:10:35 NOTICE: -DOCS-/Read back- explain Detailed Description of Procedu....docx: Duplicate object found in source - ignoring
Transferred:   	    5.913 MiB / 2.153 GiB, 0%, 4.253 MiB/s, ETA 8m36s
Checks:                48 / 48, 100%, Listed 1597
Transferred:            6 / 813, 1%
Elapsed time:         4.2s
Transferring:
 *        -AI-MEDIA-/Genesis of Vulture Inc..png: transferring
2026/08/16 16:10:35 NOTICE: -DOCS-/SYNC ENTIRETY OF DATA ovbslaught@gmail.com, keep s....docx: Duplicate object found in source - ignoring
Transferred:   	    5.913 MiB / 2.153 GiB, 0%, 4.253 MiB/s, ETA 8m36s
Checks:                48 / 48, 100%, Listed 1597
Transferred:            6 / 826, 1%
Elapsed time:         4.2s
Transferring:
 *        -AI-MEDIA-/Genesis of Vulture Inc..png: transferring
2026/08/16 16:10:35 NOTICE: -DOCS-/Session Snapshot.docx: Duplicate object found in source - ignoring
Transferred:   	    5.913 MiB / 2.153 GiB, 0%, 4.253 MiB/s, ETA 8m36s
Checks:                48 / 48, 100%, Listed 1597
Transferred:            6 / 838, 1%
Elapsed time:         4.2s
Transferring:
 *        -AI-MEDIA-/Genesis of Vulture Inc..png: transferring
2026/08/16 16:10:35 NOTICE: -DOCS-/Session Snapshot.docx: Duplicate object found in source - ignoring
Transferred:   	    5.913 MiB / 2.153 GiB, 0%, 4.253 MiB/s, ETA 8m36s
Checks:                48 / 48, 100%, Listed 1597
Transferred:            6 / 838, 1%
Elapsed time:         4.2s
Transferring:
 *        -AI-MEDIA-/Genesis of Vulture Inc..png: transferring
2026/08/16 16:10:35 NOTICE: -DOCS-/Session Snapshot.docx: Duplicate object found in source - ignoring
Transferred:   	    5.913 MiB / 2.153 GiB, 0%, 4.253 MiB/s, ETA 8m36s
Checks:                48 / 48, 100%, Listed 1597
Transferred:            6 / 838, 1%
Elapsed time:         4.2s
Transferring:
 *        -AI-MEDIA-/Genesis of Vulture Inc..png: transferring
2026/08/16 16:10:35 NOTICE: -DOCS-/Session Snapshot.docx: Duplicate object found in source - ignoring
Transferred:   	    5.913 MiB / 2.153 GiB, 0%, 4.253 MiB/s, ETA 8m36s
Checks:                48 / 48, 100%, Listed 1597
Transferred:            6 / 838, 1%
Elapsed time:         4.2s
Transferring:
 *        -AI-MEDIA-/Genesis of Vulture Inc..png: transferring
2026/08/16 16:10:35 NOTICE: -DOCS-/Session Snapshot.docx: Duplicate object found in source - ignoring
Transferred:   	    5.913 MiB / 2.153 GiB, 0%, 4.253 MiB/s, ETA 8m36s
Checks:                48 / 48, 100%, Listed 1597
Transferred:            6 / 838, 1%
Elapsed time:         4.2s
Transferring:
 *        -AI-MEDIA-/Genesis of Vulture Inc..png: transferring
2026/08/16 16:10:35 NOTICE: -DOCS-/Session Snapshot.docx: Duplicate object found in source - ignoring
Transferred:   	    5.913 MiB / 2.153 GiB, 0%, 4.253 MiB/s, ETA 8m36s
Checks:                48 / 48, 100%, Listed 1597
Transferred:            6 / 838, 1%
Elapsed time:         4.2s
Transferring:
 *        -AI-MEDIA-/Genesis of Vulture Inc..png: transferring
2026/08/16 16:10:35 NOTICE: -DOCS-/Session Snapshot.docx: Duplicate object found in source - ignoring
Transferred:   	    5.913 MiB / 2.153 GiB, 0%, 4.253 MiB/s, ETA 8m36s
Checks:                48 / 48, 100%, Listed 1597
Transferred:            6 / 838, 1%
Elapsed time:         4.2s
Transferring:
 *        -AI-MEDIA-/Genesis of Vulture Inc..png: transferring
2026/08/16 16:10:35 NOTICE: -DOCS-/Session Snapshot.docx: Duplicate object found in source - ignoring
Transferred:   	    5.913 MiB / 2.153 GiB, 0%, 4.253 MiB/s, ETA 8m36s
Checks:                48 / 48, 100%, Listed 1597
Transferred:            6 / 838, 1%
Elapsed time:         4.2s
Transferring:
 *        -AI-MEDIA-/Genesis of Vulture Inc..png: transferring
2026/08/16 16:10:35 NOTICE: -DOCS-/Session Snapshot.docx: Duplicate object found in source - ignoring
Transferred:   	    5.913 MiB / 2.153 GiB, 0%, 4.253 MiB/s, ETA 8m36s
Checks:                48 / 48, 100%, Listed 1597
Transferred:            6 / 838, 1%
Elapsed time:         4.2s
Transferring:
 *        -AI-MEDIA-/Genesis of Vulture Inc..png: transferring
2026/08/16 16:10:35 NOTICE: -DOCS-/Session Snapshot.docx: Duplicate object found in source - ignoring
Transferred:   	    5.913 MiB / 2.153 GiB, 0%, 4.253 MiB/s, ETA 8m36s
Checks:                48 / 48, 100%, Listed 1597
Transferred:            6 / 838, 1%
Elapsed time:         4.2s
Transferring:
 *        -AI-MEDIA-/Genesis of Vulture Inc..png: transferring
2026/08/16 16:10:35 NOTICE: -DOCS-/Termux key.txt: Duplicate object found in source - ignoring
Transferred:   	    5.913 MiB / 2.153 GiB, 0%, 4.253 MiB/s, ETA 8m36s
Checks:                48 / 48, 100%, Listed 1597
Transferred:            6 / 882, 1%
Elapsed time:         4.2s
Transferring:
 *        -AI-MEDIA-/Genesis of Vulture Inc..png: transferring
2026/08/16 16:10:35 NOTICE: -DOCS-/The MOTHER\_BRAIN system serves as the central con....docx: Duplicate object found in source - ignoring
Transferred:   	    5.913 MiB / 2.155 GiB, 0%, 4.253 MiB/s, ETA 8m37s
Checks:                48 / 48, 100%, Listed 1597
Transferred:            6 / 894, 1%
Elapsed time:         4.2s
Transferring:
 *        -AI-MEDIA-/Genesis of Vulture Inc..png: transferring
2026/08/16 16:10:35 NOTICE: -DOCS-/Untitled document.docx: Duplicate object found in source - ignoring
Transferred:   	    5.913 MiB / 2.159 GiB, 0%, 4.253 MiB/s, ETA 8m38s
Checks:                48 / 48, 100%, Listed 1597
Transferred:            6 / 926, 1%
Elapsed time:         4.2s
Transferring:
 *        -AI-MEDIA-/Genesis of Vulture Inc..png: transferring
2026/08/16 16:10:35 NOTICE: -DOCS-/Untitled document.docx: Duplicate object found in source - ignoring
Transferred:   	    5.913 MiB / 2.159 GiB, 0%, 4.253 MiB/s, ETA 8m38s
Checks:                48 / 48, 100%, Listed 1597
Transferred:            6 / 926, 1%
Elapsed time:         4.2s
Transferring:
 *        -AI-MEDIA-/Genesis of Vulture Inc..png: transferring
2026/08/16 16:10:35 NOTICE: -DOCS-/Untitled document.docx: Duplicate object found in source - ignoring
Transferred:   	    5.913 MiB / 2.159 GiB, 0%, 4.253 MiB/s, ETA 8m38s
Checks:                48 / 48, 100%, Listed 1597
Transferred:            6 / 926, 1%
Elapsed time:         4.2s
Transferring:
 *        -AI-MEDIA-/Genesis of Vulture Inc..png: transferring
2026/08/16 16:10:35 NOTICE: -DOCS-/Untitled.docx: Duplicate object found in source - ignoring
Transferred:   	    5.913 MiB / 2.160 GiB, 0%, 4.253 MiB/s, ETA 8m38s
Checks:                48 / 48, 100%, Listed 1597
Transferred:            6 / 938, 1%
Elapsed time:         4.2s
Transferring:
 *        -AI-MEDIA-/Genesis of Vulture Inc..png: transferring
2026/08/16 16:10:35 NOTICE: -DOCS-/Untitled.docx: Duplicate object found in source - ignoring
Transferred:   	    5.913 MiB / 2.160 GiB, 0%, 4.253 MiB/s, ETA 8m38s
Checks:                48 / 48, 100%, Listed 1597
Transferred:            6 / 938, 1%
Elapsed time:         4.2s
Transferring:
 *        -AI-MEDIA-/Genesis of Vulture Inc..png: transferring
2026/08/16 16:10:35 NOTICE: -DOCS-/Untitled.docx: Duplicate object found in source - ignoring
Transferred:   	    5.913 MiB / 2.160 GiB, 0%, 4.253 MiB/s, ETA 8m38s
Checks:                48 / 48, 100%, Listed 1597
Transferred:            6 / 938, 1%
Elapsed time:         4.2s
Transferring:
 *        -AI-MEDIA-/Genesis of Vulture Inc..png: transferring
2026/08/16 16:10:35 NOTICE: -DOCS-/Untitled.docx: Duplicate object found in source - ignoring
Transferred:   	    5.913 MiB / 2.160 GiB, 0%, 4.253 MiB/s, ETA 8m38s
Checks:                48 / 48, 100%, Listed 1597
Transferred:            6 / 938, 1%
Elapsed time:         4.2s
Transferring:
 *        -AI-MEDIA-/Genesis of Vulture Inc..png: transferring
2026/08/16 16:10:35 NOTICE: -DOCS-/Untitled.docx: Duplicate object found in source - ignoring
Transferred:   	    5.913 MiB / 2.160 GiB, 0%, 4.253 MiB/s, ETA 8m38s
Checks:                48 / 48, 100%, Listed 1597
Transferred:            6 / 938, 1%
Elapsed time:         4.2s
Transferring:
 *        -AI-MEDIA-/Genesis of Vulture Inc..png: transferring
2026/08/16 16:10:35 NOTICE: -DOCS-/Untitled.docx: Duplicate object found in source - ignoring
Transferred:   	    5.913 MiB / 2.160 GiB, 0%, 4.253 MiB/s, ETA 8m38s
Checks:                48 / 48, 100%, Listed 1597
Transferred:            6 / 938, 1%
Elapsed time:         4.2s
Transferring:
 *        -AI-MEDIA-/Genesis of Vulture Inc..png: transferring
2026/08/16 16:10:35 NOTICE: -DOCS-/Untitled.docx: Duplicate object found in source - ignoring
Transferred:   	    5.913 MiB / 2.160 GiB, 0%, 4.253 MiB/s, ETA 8m38s
Checks:                48 / 48, 100%, Listed 1597
Transferred:            6 / 938, 1%
Elapsed time:         4.2s
Transferring:
 *        -AI-MEDIA-/Genesis of Vulture Inc..png: transferring
2026/08/16 16:10:35 NOTICE: -DOCS-/Untitled.docx: Duplicate object found in source - ignoring
Transferred:   	    5.913 MiB / 2.160 GiB, 0%, 4.253 MiB/s, ETA 8m38s
Checks:                48 / 48, 100%, Listed 1597
Transferred:            6 / 938, 1%
Elapsed time:         4.2s
Transferring:
 *        -AI-MEDIA-/Genesis of Vulture Inc..png: transferring
2026/08/16 16:10:35 NOTICE: -DOCS-/Untitled.docx: Duplicate object found in source - ignoring
Transferred:   	    5.913 MiB / 2.160 GiB, 0%, 4.253 MiB/s, ETA 8m38s
Checks:                48 / 48, 100%, Listed 1597
Transferred:            6 / 938, 1%
Elapsed time:         4.2s
Transferring:
 *        -AI-MEDIA-/Genesis of Vulture Inc..png: transferring
2026/08/16 16:10:35 NOTICE: -DOCS-/Untitled.docx: Duplicate object found in source - ignoring
Transferred:   	    5.913 MiB / 2.160 GiB, 0%, 4.253 MiB/s, ETA 8m38s
Checks:                48 / 48, 100%, Listed 1597
Transferred:            6 / 938, 1%
Elapsed time:         4.2s
Transferring:
 *        -AI-MEDIA-/Genesis of Vulture Inc..png: transferring
2026/08/16 16:10:35 NOTICE: -DOCS-/Untitled.docx: Duplicate object found in source - ignoring
Transferred:   	    5.913 MiB / 2.160 GiB, 0%, 4.253 MiB/s, ETA 8m38s
Checks:                48 / 48, 100%, Listed 1597
Transferred:            6 / 938, 1%
Elapsed time:         4.2s
Transferring:
 *        -AI-MEDIA-/Genesis of Vulture Inc..png: transferring
2026/08/16 16:10:35 NOTICE: -DOCS-/Untitled.docx: Duplicate object found in source - ignoring
Transferred:   	    5.913 MiB / 2.160 GiB, 0%, 4.253 MiB/s, ETA 8m38s
Checks:                48 / 48, 100%, Listed 1597
Transferred:            6 / 938, 1%
Elapsed time:         4.2s
Transferring:
 *        -AI-MEDIA-/Genesis of Vulture Inc..png: transferring
2026/08/16 16:10:35 NOTICE: -DOCS-/Untitled.docx: Duplicate object found in source - ignoring
Transferred:   	    5.913 MiB / 2.160 GiB, 0%, 4.253 MiB/s, ETA 8m38s
Checks:                48 / 48, 100%, Listed 1597
Transferred:            6 / 938, 1%
Elapsed time:         4.2s
Transferring:
 *        -AI-MEDIA-/Genesis of Vulture Inc..png: transferring
2026/08/16 16:10:35 NOTICE: -DOCS-/Untitled.docx: Duplicate object found in source - ignoring
Transferred:   	    5.913 MiB / 2.160 GiB, 0%, 4.253 MiB/s, ETA 8m38s
Checks:                48 / 48, 100%, Listed 1597
Transferred:            6 / 938, 1%
Elapsed time:         4.2s
Transferring:
 *        -AI-MEDIA-/Genesis of Vulture Inc..png: transferring
2026/08/16 16:10:35 NOTICE: -DOCS-/Untitled.docx: Duplicate object found in source - ignoring
Transferred:   	    5.913 MiB / 2.160 GiB, 0%, 4.253 MiB/s, ETA 8m38s
Checks:                48 / 48, 100%, Listed 1597
Transferred:            6 / 938, 1%
Elapsed time:         4.2s
Transferring:
 *        -AI-MEDIA-/Genesis of Vulture Inc..png: transferring
2026/08/16 16:10:35 NOTICE: -DOCS-/Untitled.docx: Duplicate object found in source - ignoring
Transferred:   	    5.913 MiB / 2.160 GiB, 0%, 4.253 MiB/s, ETA 8m38s
Checks:                48 / 48, 100%, Listed 1597
Transferred:            6 / 938, 1%
Elapsed time:         4.2s
Transferring:
 *        -AI-MEDIA-/Genesis of Vulture Inc..png: transferring
2026/08/16 16:10:35 NOTICE: -DOCS-/Untitled.docx: Duplicate object found in source - ignoring
Transferred:   	    5.913 MiB / 2.160 GiB, 0%, 4.253 MiB/s, ETA 8m38s
Checks:                48 / 48, 100%, Listed 1597
Transferred:            6 / 938, 1%
Elapsed time:         4.2s
Transferring:
 *        -AI-MEDIA-/Genesis of Vulture Inc..png: transferring
2026/08/16 16:10:35 NOTICE: -DOCS-/Untitled.docx: Duplicate object found in source - ignoring
Transferred:   	    5.913 MiB / 2.160 GiB, 0%, 4.253 MiB/s, ETA 8m38s
Checks:                48 / 48, 100%, Listed 1597
Transferred:            6 / 938, 1%
Elapsed time:         4.2s
Transferring:
 *        -AI-MEDIA-/Genesis of Vulture Inc..png: transferring
2026/08/16 16:10:35 NOTICE: -DOCS-/Untitled.docx: Duplicate object found in source - ignoring
Transferred:   	    5.913 MiB / 2.160 GiB, 0%, 4.253 MiB/s, ETA 8m38s
Checks:                48 / 48, 100%, Listed 1597
Transferred:            6 / 938, 1%
Elapsed time:         4.2s
Transferring:
 *        -AI-MEDIA-/Genesis of Vulture Inc..png: transferring
2026/08/16 16:10:35 NOTICE: -DOCS-/Untitled.docx: Duplicate object found in source - ignoring
Transferred:   	    5.913 MiB / 2.160 GiB, 0%, 4.253 MiB/s, ETA 8m38s
Checks:                48 / 48, 100%, Listed 1597
Transferred:            6 / 938, 1%
Elapsed time:         4.2s
Transferring:
 *        -AI-MEDIA-/Genesis of Vulture Inc..png: transferring
2026/08/16 16:10:35 NOTICE: -DOCS-/Untitled.docx: Duplicate object found in source - ignoring
Transferred:   	    5.913 MiB / 2.160 GiB, 0%, 4.253 MiB/s, ETA 8m38s
Checks:                48 / 48, 100%, Listed 1597
Transferred:            6 / 938, 1%
Elapsed time:         4.2s
Transferring:
 *        -AI-MEDIA-/Genesis of Vulture Inc..png: transferring
2026/08/16 16:10:35 NOTICE: -DOCS-/Untitled.docx: Duplicate object found in source - ignoring
Transferred:   	    5.913 MiB / 2.160 GiB, 0%, 4.253 MiB/s, ETA 8m38s
Checks:                48 / 48, 100%, Listed 1597
Transferred:            6 / 938, 1%
Elapsed time:         4.2s
Transferring:
 *        -AI-MEDIA-/Genesis of Vulture Inc..png: transferring
2026/08/16 16:10:35 NOTICE: -DOCS-/Untitled.docx: Duplicate object found in source - ignoring
Transferred:   	    5.913 MiB / 2.160 GiB, 0%, 4.253 MiB/s, ETA 8m38s
Checks:                48 / 48, 100%, Listed 1597
Transferred:            6 / 938, 1%
Elapsed time:         4.2s
Transferring:
 *        -AI-MEDIA-/Genesis of Vulture Inc..png: transferring
2026/08/16 16:10:35 NOTICE: -DOCS-/Untitled.docx: Duplicate object found in source - ignoring
Transferred:   	    5.913 MiB / 2.160 GiB, 0%, 4.253 MiB/s, ETA 8m38s
Checks:                48 / 48, 100%, Listed 1597
Transferred:            6 / 938, 1%
Elapsed time:         4.2s
Transferring:
 *        -AI-MEDIA-/Genesis of Vulture Inc..png: transferring
2026/08/16 16:10:35 NOTICE: -DOCS-/Untitled.docx: Duplicate object found in source - ignoring
Transferred:   	    5.913 MiB / 2.160 GiB, 0%, 4.253 MiB/s, ETA 8m38s
Checks:                48 / 48, 100%, Listed 1597
Transferred:            6 / 938, 1%
Elapsed time:         4.2s
Transferring:
 *        -AI-MEDIA-/Genesis of Vulture Inc..png: transferring
2026/08/16 16:10:35 NOTICE: -DOCS-/Untitled.docx: Duplicate object found in source - ignoring
Transferred:   	    5.913 MiB / 2.160 GiB, 0%, 4.253 MiB/s, ETA 8m38s
Checks:                48 / 48, 100%, Listed 1597
Transferred:            6 / 938, 1%
Elapsed time:         4.2s
Transferring:
 *        -AI-MEDIA-/Genesis of Vulture Inc..png: transferring
2026/08/16 16:10:35 NOTICE: -DOCS-/Untitled.docx: Duplicate object found in source - ignoring
Transferred:   	    5.913 MiB / 2.160 GiB, 0%, 4.253 MiB/s, ETA 8m38s
Checks:                48 / 48, 100%, Listed 1597
Transferred:            6 / 938, 1%
Elapsed time:         4.2s
Transferring:
 *        -AI-MEDIA-/Genesis of Vulture Inc..png: transferring
2026/08/16 16:10:35 NOTICE: -DOCS-/Untitled.docx: Duplicate object found in source - ignoring
Transferred:   	    5.913 MiB / 2.160 GiB, 0%, 4.253 MiB/s, ETA 8m38s
Checks:                48 / 48, 100%, Listed 1597
Transferred:            6 / 938, 1%
Elapsed time:         4.2s
Transferring:
 *        -AI-MEDIA-/Genesis of Vulture Inc..png: transferring
2026/08/16 16:10:35 NOTICE: -DOCS-/VULTURE_INDEXER_V3.docx: Duplicate object found in source - ignoring
Transferred:   	    5.913 MiB / 2.160 GiB, 0%, 4.253 MiB/s, ETA 8m38s
Checks:                48 / 48, 100%, Listed 1597
Transferred:            6 / 952, 1%
Elapsed time:         4.2s
Transferring:
 *        -AI-MEDIA-/Genesis of Vulture Inc..png: transferring
2026/08/16 16:10:35 NOTICE: -DOCS-/Vulture_installer_auto. Py.txt: Duplicate object found in source - ignoring
Transferred:   	    5.913 MiB / 2.160 GiB, 0%, 4.253 MiB/s, ETA 8m38s
Checks:                48 / 48, 100%, Listed 1597
Transferred:            6 / 957, 1%
Elapsed time:         4.2s
Transferring:
 *        -AI-MEDIA-/Genesis of Vulture Inc..png: transferring
2026/08/16 16:10:35 NOTICE: -DOCS-/Water.txt: Duplicate object found in source - ignoring
Transferred:   	    5.913 MiB / 2.160 GiB, 0%, 4.253 MiB/s, ETA 8m38s
Checks:                48 / 48, 100%, Listed 1597
Transferred:            6 / 972, 1%
Elapsed time:         4.2s
Transferring:
 *        -AI-MEDIA-/Genesis of Vulture Inc..png: transferring
2026/08/16 16:10:35 NOTICE: -DOCS-/cosmickey.json: Duplicate object found in source - ignoring
Transferred:   	    5.913 MiB / 2.166 GiB, 0%, 4.253 MiB/s, ETA 8m40s
Checks:                48 / 48, 100%, Listed 1597
Transferred:            6 / 1044, 1%
Elapsed time:         4.2s
Transferring:
 *        -AI-MEDIA-/Genesis of Vulture Inc..png: transferring
2026/08/16 16:10:35 NOTICE: -DOCS-/forward thinking about full sytem, log a wal and....xlsx: Duplicate object found in source - ignoring
Transferred:   	    5.913 MiB / 2.171 GiB, 0%, 4.253 MiB/s, ETA 8m41s
Checks:                48 / 48, 100%, Listed 1597
Transferred:            6 / 1074, 1%
Elapsed time:         4.2s
Transferring:
 *        -AI-MEDIA-/Genesis of Vulture Inc..png: transferring
2026/08/16 16:10:35 NOTICE: -DOCS-/https:／／g.co／ge.txt: Duplicate object found in source - ignoring
Transferred:   	    5.913 MiB / 2.171 GiB, 0%, 4.253 MiB/s, ETA 8m41s
Checks:                48 / 48, 100%, Listed 1597
Transferred:            6 / 1097, 1%
Elapsed time:         4.2s
Transferring:
 *        -AI-MEDIA-/Genesis of Vulture Inc..png: transferring
2026/08/16 16:10:35 NOTICE: -DOCS-/https:／／g.co／ge.txt: Duplicate object found in source - ignoring
Transferred:   	    5.913 MiB / 2.171 GiB, 0%, 4.253 MiB/s, ETA 8m41s
Checks:                48 / 48, 100%, Listed 1597
Transferred:            6 / 1097, 1%
Elapsed time:         4.2s
Transferring:
 *        -AI-MEDIA-/Genesis of Vulture Inc..png: transferring
2026/08/16 16:10:35 NOTICE: -DOCS-/https:／／g.co／ge.txt: Duplicate object found in source - ignoring
Transferred:   	    5.913 MiB / 2.171 GiB, 0%, 4.253 MiB/s, ETA 8m41s
Checks:                48 / 48, 100%, Listed 1597
Transferred:            6 / 1097, 1%
Elapsed time:         4.2s
Transferring:
 *        -AI-MEDIA-/Genesis of Vulture Inc..png: transferring
2026/08/16 16:10:35 NOTICE: -DOCS-/https:／／g.co／ge.txt: Duplicate object found in source - ignoring
Transferred:   	    5.913 MiB / 2.171 GiB, 0%, 4.253 MiB/s, ETA 8m41s
Checks:                48 / 48, 100%, Listed 1597
Transferred:            6 / 1097, 1%
Elapsed time:         4.2s
Transferring:
 *        -AI-MEDIA-/Genesis of Vulture Inc..png: transferring
2026/08/16 16:10:35 NOTICE: -DOCS-/https:／／g.co／ge.txt: Duplicate object found in source - ignoring
Transferred:   	    5.913 MiB / 2.171 GiB, 0%, 4.253 MiB/s, ETA 8m41s
Checks:                48 / 48, 100%, Listed 1597
Transferred:            6 / 1097, 1%
Elapsed time:         4.2s
Transferring:
 *        -AI-MEDIA-/Genesis of Vulture Inc..png: transferring
2026/08/16 16:10:35 NOTICE: -DOCS-/https:／／g.co／ge.txt: Duplicate object found in source - ignoring
Transferred:   	    5.913 MiB / 2.171 GiB, 0%, 4.253 MiB/s, ETA 8m41s
Checks:                48 / 48, 100%, Listed 1597
Transferred:            6 / 1097, 1%
Elapsed time:         4.2s
Transferring:
 *        -AI-MEDIA-/Genesis of Vulture Inc..png: transferring
2026/08/16 16:10:35 NOTICE: -DOCS-/https:／／g.co／ge.txt: Duplicate object found in source - ignoring
Transferred:   	    5.913 MiB / 2.171 GiB, 0%, 4.253 MiB/s, ETA 8m41s
Checks:                48 / 48, 100%, Listed 1597
Transferred:            6 / 1097, 1%
Elapsed time:         4.2s
Transferring:
 *        -AI-MEDIA-/Genesis of Vulture Inc..png: transferring
2026/08/16 16:10:35 NOTICE: -DOCS-/https:／／g.co／ge.txt: Duplicate object found in source - ignoring
Transferred:   	    5.913 MiB / 2.171 GiB, 0%, 4.253 MiB/s, ETA 8m41s
Checks:                48 / 48, 100%, Listed 1597
Transferred:            6 / 1097, 1%
Elapsed time:         4.2s
Transferring:
 *        -AI-MEDIA-/Genesis of Vulture Inc..png: transferring
2026/08/16 16:10:35 NOTICE: -DOCS-/https:／／g.co／ge.txt: Duplicate object found in source - ignoring
Transferred:   	    5.913 MiB / 2.171 GiB, 0%, 4.253 MiB/s, ETA 8m41s
Checks:                48 / 48, 100%, Listed 1597
Transferred:            6 / 1097, 1%
Elapsed time:         4.2s
Transferring:
 *        -AI-MEDIA-/Genesis of Vulture Inc..png: transferring
2026/08/16 16:10:35 NOTICE: -DOCS-/https:／／g.co／ge.txt: Duplicate object found in source - ignoring
Transferred:   	    5.913 MiB / 2.171 GiB, 0%, 4.253 MiB/s, ETA 8m41s
Checks:                48 / 48, 100%, Listed 1597
Transferred:            6 / 1097, 1%
Elapsed time:         4.2s
Transferring:
 *        -AI-MEDIA-/Genesis of Vulture Inc..png: transferring
2026/08/16 16:10:35 NOTICE: -DOCS-/https:／／github..txt: Duplicate object found in source - ignoring
Transferred:   	    5.913 MiB / 2.171 GiB, 0%, 4.253 MiB/s, ETA 8m41s
Checks:                48 / 48, 100%, Listed 1597
Transferred:            6 / 1098, 1%
Elapsed time:         4.2s
Transferring:
 *        -AI-MEDIA-/Genesis of Vulture Inc..png: transferring
2026/08/16 16:10:35 NOTICE: -DOCS-/https:／／noteboo.txt: Duplicate object found in source - ignoring
Transferred:   	    5.913 MiB / 2.171 GiB, 0%, 4.253 MiB/s, ETA 8m41s
Checks:                48 / 48, 100%, Listed 1597
Transferred:            6 / 1099, 1%
Elapsed time:         4.2s
Transferring:
 *        -AI-MEDIA-/Genesis of Vulture Inc..png: transferring
2026/08/16 16:10:35 NOTICE: -DOCS-/https:／／noteboo.txt: Duplicate object found in source - ignoring
Transferred:   	    5.913 MiB / 2.171 GiB, 0%, 4.253 MiB/s, ETA 8m41s
Checks:                48 / 48, 100%, Listed 1597
Transferred:            6 / 1099, 1%
Elapsed time:         4.2s
Transferring:
 *        -AI-MEDIA-/Genesis of Vulture Inc..png: transferring
2026/08/16 16:10:35 NOTICE: -DOCS-/https:／／noteboo.txt: Duplicate object found in source - ignoring
Transferred:   	    5.913 MiB / 2.171 GiB, 0%, 4.253 MiB/s, ETA 8m41s
Checks:                48 / 48, 100%, Listed 1597
Transferred:            6 / 1099, 1%
Elapsed time:         4.2s
Transferring:
 *        -AI-MEDIA-/Genesis of Vulture Inc..png: transferring
2026/08/16 16:10:35 NOTICE: -DOCS-/https:／／noteboo.txt: Duplicate object found in source - ignoring
Transferred:   	    5.913 MiB / 2.171 GiB, 0%, 4.253 MiB/s, ETA 8m41s
Checks:                48 / 48, 100%, Listed 1597
Transferred:            6 / 1099, 1%
Elapsed time:         4.2s
Transferring:
 *        -AI-MEDIA-/Genesis of Vulture Inc..png: transferring
2026/08/16 16:10:35 NOTICE: -DOCS-/https:／／noteboo.txt: Duplicate object found in source - ignoring
Transferred:   	    5.913 MiB / 2.171 GiB, 0%, 4.253 MiB/s, ETA 8m41s
Checks:                48 / 48, 100%, Listed 1597
Transferred:            6 / 1099, 1%
Elapsed time:         4.2s
Transferring:
 *        -AI-MEDIA-/Genesis of Vulture Inc..png: transferring
2026/08/16 16:10:35 NOTICE: -DOCS-/https:／／noteboo.txt: Duplicate object found in source - ignoring
Transferred:   	    5.913 MiB / 2.171 GiB, 0%, 4.253 MiB/s, ETA 8m41s
Checks:                48 / 48, 100%, Listed 1597
Transferred:            6 / 1099, 1%
Elapsed time:         4.2s
Transferring:
 *        -AI-MEDIA-/Genesis of Vulture Inc..png: transferring
2026/08/16 16:10:35 NOTICE: -DOCS-/https:／／noteboo.txt: Duplicate object found in source - ignoring
Transferred:   	    5.913 MiB / 2.171 GiB, 0%, 4.253 MiB/s, ETA 8m41s
Checks:                48 / 48, 100%, Listed 1597
Transferred:            6 / 1099, 1%
Elapsed time:         4.2s
Transferring:
 *        -AI-MEDIA-/Genesis of Vulture Inc..png: transferring
2026/08/16 16:10:35 NOTICE: -DOCS-/https:／／noteboo.txt: Duplicate object found in source - ignoring
Transferred:   	    5.913 MiB / 2.171 GiB, 0%, 4.253 MiB/s, ETA 8m41s
Checks:                48 / 48, 100%, Listed 1597
Transferred:            6 / 1099, 1%
Elapsed time:         4.2s
Transferring:
 *        -AI-MEDIA-/Genesis of Vulture Inc..png: transferring
2026/08/16 16:10:35 NOTICE: -DOCS-/https:／／noteboo.txt: Duplicate object found in source - ignoring
Transferred:   	    5.913 MiB / 2.171 GiB, 0%, 4.253 MiB/s, ETA 8m41s
Checks:                48 / 48, 100%, Listed 1597
Transferred:            6 / 1099, 1%
Elapsed time:         4.2s
Transferring:
 *        -AI-MEDIA-/Genesis of Vulture Inc..png: transferring
2026/08/16 16:10:35 NOTICE: -DOCS-/https:／／noteboo.txt: Duplicate object found in source - ignoring
Transferred:   	    5.913 MiB / 2.171 GiB, 0%, 4.253 MiB/s, ETA 8m41s
Checks:                48 / 48, 100%, Listed 1597
Transferred:            6 / 1099, 1%
Elapsed time:         4.2s
Transferring:
 *        -AI-MEDIA-/Genesis of Vulture Inc..png: transferring
2026/08/16 16:10:35 NOTICE: -DOCS-/https:／／noteboo.txt: Duplicate object found in source - ignoring
Transferred:   	    5.913 MiB / 2.171 GiB, 0%, 4.253 MiB/s, ETA 8m41s
Checks:                48 / 48, 100%, Listed 1597
Transferred:            6 / 1099, 1%
Elapsed time:         4.2s
Transferring:
 *        -AI-MEDIA-/Genesis of Vulture Inc..png: transferring
2026/08/16 16:10:35 NOTICE: -DOCS-/https:／／noteboo.txt: Duplicate object found in source - ignoring
Transferred:   	    5.913 MiB / 2.171 GiB, 0%, 4.253 MiB/s, ETA 8m41s
Checks:                48 / 48, 100%, Listed 1597
Transferred:            6 / 1099, 1%
Elapsed time:         4.2s
Transferring:
 *        -AI-MEDIA-/Genesis of Vulture Inc..png: transferring
2026/08/16 16:10:35 NOTICE: -DOCS-/https:／／noteboo.txt: Duplicate object found in source - ignoring
Transferred:   	    5.913 MiB / 2.171 GiB, 0%, 4.253 MiB/s, ETA 8m41s
Checks:                48 / 48, 100%, Listed 1597
Transferred:            6 / 1099, 1%
Elapsed time:         4.2s
Transferring:
 *        -AI-MEDIA-/Genesis of Vulture Inc..png: transferring
2026/08/16 16:10:35 NOTICE: -DOCS-/https:／／noteboo.txt: Duplicate object found in source - ignoring
Transferred:   	    5.913 MiB / 2.171 GiB, 0%, 4.253 MiB/s, ETA 8m41s
Checks:                48 / 48, 100%, Listed 1597
Transferred:            6 / 1099, 1%
Elapsed time:         4.2s
Transferring:
 *        -AI-MEDIA-/Genesis of Vulture Inc..png: transferring
2026/08/16 16:10:35 NOTICE: -DOCS-/https:／／noteboo.txt: Duplicate object found in source - ignoring
Transferred:   	    5.913 MiB / 2.171 GiB, 0%, 4.253 MiB/s, ETA 8m41s
Checks:                48 / 48, 100%, Listed 1597
Transferred:            6 / 1099, 1%
Elapsed time:         4.2s
Transferring:
 *        -AI-MEDIA-/Genesis of Vulture Inc..png: transferring
2026/08/16 16:10:35 NOTICE: -DOCS-/https:／／noteboo.txt: Duplicate object found in source - ignoring
Transferred:   	    5.913 MiB / 2.171 GiB, 0%, 4.253 MiB/s, ETA 8m41s
Checks:                48 / 48, 100%, Listed 1597
Transferred:            6 / 1099, 1%
Elapsed time:         4.2s
Transferring:
 *        -AI-MEDIA-/Genesis of Vulture Inc..png: transferring
2026/08/16 16:10:35 NOTICE: -DOCS-/https:／／noteboo.txt: Duplicate object found in source - ignoring
Transferred:   	    5.913 MiB / 2.171 GiB, 0%, 4.253 MiB/s, ETA 8m41s
Checks:                48 / 48, 100%, Listed 1597
Transferred:            6 / 1099, 1%
Elapsed time:         4.2s
Transferring:
 *        -AI-MEDIA-/Genesis of Vulture Inc..png: transferring
2026/08/16 16:10:35 NOTICE: -DOCS-/https:／／noteboo.txt: Duplicate object found in source - ignoring
Transferred:   	    5.913 MiB / 2.171 GiB, 0%, 4.253 MiB/s, ETA 8m41s
Checks:                48 / 48, 100%, Listed 1597
Transferred:            6 / 1099, 1%
Elapsed time:         4.2s
Transferring:
 *        -AI-MEDIA-/Genesis of Vulture Inc..png: transferring
2026/08/16 16:10:35 NOTICE: -DOCS-/index.html: Duplicate object found in source - ignoring
Transferred:   	    5.913 MiB / 2.171 GiB, 0%, 4.253 MiB/s, ETA 8m41s
Checks:                48 / 48, 100%, Listed 1597
Transferred:            6 / 1105, 1%
Elapsed time:         4.2s
Transferring:
 *        -AI-MEDIA-/Genesis of Vulture Inc..png: transferring
2026/08/16 16:10:35 NOTICE: -DOCS-/key copy.txt: Duplicate object found in source - ignoring
Transferred:   	    5.913 MiB / 2.171 GiB, 0%, 4.253 MiB/s, ETA 8m41s
Checks:                48 / 48, 100%, Listed 1597
Transferred:            6 / 1114, 1%
Elapsed time:         4.2s
Transferring:
 *        -AI-MEDIA-/Genesis of Vulture Inc..png: transferring
2026/08/16 16:10:35 NOTICE: -DOCS-/nomadz-vault.html: Duplicate object found in source - ignoring
Transferred:   	    5.913 MiB / 2.172 GiB, 0%, 4.253 MiB/s, ETA 8m41s
Checks:                48 / 48, 100%, Listed 1597
Transferred:            6 / 1137, 1%
Elapsed time:         4.2s
Transferring:
 *        -AI-MEDIA-/Genesis of Vulture Inc..png: transferring
2026/08/16 16:10:35 NOTICE: -DOCS-/package.json: Duplicate object found in source - ignoring
Transferred:   	    5.913 MiB / 2.172 GiB, 0%, 4.253 MiB/s, ETA 8m41s
Checks:                48 / 48, 100%, Listed 1597
Transferred:            6 / 1164, 1%
Elapsed time:         4.2s
Transferring:
 *        -AI-MEDIA-/Genesis of Vulture Inc..png: transferring
2026/08/16 16:10:35 NOTICE: -DOCS-/syncthing phone api: Duplicate object found in source - ignoring
Transferred:   	    5.913 MiB / 2.190 GiB, 0%, 4.253 MiB/s, ETA 8m45s
Checks:                48 / 48, 100%, Listed 1597
Transferred:            6 / 1220, 0%
Elapsed time:         4.2s
Transferring:
 *        -AI-MEDIA-/Genesis of Vulture Inc..png: transferringTransferred:   	    5.913 MiB / 2.191 GiB, 0%, 4.253 MiB/s, ETA 8m46s
Checks:                48 / 48, 100%, Listed 1602
Transferred:            6 / 1270, 0%
Elapsed time:         4.5s
Transferring:
 *        -AI-MEDIA-/Genesis of Vulture Inc..png: transferring
2026/08/16 16:10:36 NOTICE: -VAULT-/KEYZ/Elevenlabs api.docx: Duplicate object found in source - ignoring
Transferred:   	    8.690 MiB / 2.196 GiB, 0%, 4.253 MiB/s, ETA 8m46s
Checks:                48 / 48, 100%, Listed 1679
Transferred:            6 / 1282, 0%
Elapsed time:         4.9s
Transferring:
 *        -AI-MEDIA-/Genesis of Vulture Inc..png: 63% / 4.390 MiB, 0 B/s, -
2026/08/16 16:10:36 NOTICE: -VAULT-/KEYZ/Fire crawl api.docx: Duplicate object found in source - ignoring
Transferred:   	    8.909 MiB / 2.196 GiB, 0%, 4.253 MiB/s, ETA 8m46s
Checks:                48 / 48, 100%, Listed 1679
Transferred:            6 / 1285, 0%
Elapsed time:         4.9s
Transferring:
 *        -AI-MEDIA-/Genesis of Vulture Inc..png: 68% / 4.390 MiB, 0 B/s, -
2026/08/16 16:10:36 NOTICE: -VAULT-/KEYZ/Gemini api.docx: Duplicate object found in source - ignoring
Transferred:   	    8.909 MiB / 2.196 GiB, 0%, 4.253 MiB/s, ETA 8m46s
Checks:                48 / 48, 100%, Listed 1679
Transferred:            6 / 1289, 0%
Elapsed time:         4.9s
Transferring:
 *        -AI-MEDIA-/Genesis of Vulture Inc..png: 68% / 4.390 MiB, 0 B/s, -
2026/08/16 16:10:36 NOTICE: -VAULT-/KEYZ/Gitshit.docx: Duplicate object found in source - ignoring
Transferred:   	    8.909 MiB / 2.196 GiB, 0%, 4.253 MiB/s, ETA 8m46s
Checks:                48 / 48, 100%, Listed 1679
Transferred:            6 / 1290, 0%
Elapsed time:         4.9s
Transferring:
 *        -AI-MEDIA-/Genesis of Vulture Inc..png: 68% / 4.390 MiB, 0 B/s, -
2026/08/16 16:10:36 NOTICE: -VAULT-/KEYZ/Googleaistudio API key.docx: Duplicate object found in source - ignoring
Transferred:   	    8.909 MiB / 2.196 GiB, 0%, 4.253 MiB/s, ETA 8m46s
Checks:                48 / 48, 100%, Listed 1679
Transferred:            6 / 1291, 0%
Elapsed time:         4.9s
Transferring:
 *        -AI-MEDIA-/Genesis of Vulture Inc..png: 68% / 4.390 MiB, 0 B/s, -
2026/08/16 16:10:36 NOTICE: -VAULT-/KEYZ/Huggingdmface token.docx: Duplicate object found in source - ignoring
Transferred:   	    8.909 MiB / 2.196 GiB, 0%, 4.253 MiB/s, ETA 8m46s
Checks:                48 / 48, 100%, Listed 1679
Transferred:            6 / 1292, 0%
Elapsed time:         4.9s
Transferring:
 *        -AI-MEDIA-/Genesis of Vulture Inc..png: 68% / 4.390 MiB, 0 B/s, -
2026/08/16 16:10:36 NOTICE: -VAULT-/KEYZ/ISO-RAR-ZIP=: Duplicate directory found in source - ignoring
Transferred:   	    8.909 MiB / 2.196 GiB, 0%, 4.253 MiB/s, ETA 8m46s
Checks:                48 / 48, 100%, Listed 1679
Transferred:            6 / 1292, 0%
Elapsed time:         4.9s
Transferring:
 *        -AI-MEDIA-/Genesis of Vulture Inc..png: 68% / 4.390 MiB, 0 B/s, -
2026/08/16 16:10:36 NOTICE: -VAULT-/KEYZ/Keys.docx: Duplicate object found in source - ignoring
Transferred:   	    8.909 MiB / 2.196 GiB, 0%, 4.253 MiB/s, ETA 8m46s
Checks:                48 / 48, 100%, Listed 1679
Transferred:            6 / 1293, 0%
Elapsed time:         4.9s
Transferring:
 *        -AI-MEDIA-/Genesis of Vulture Inc..png: 68% / 4.390 MiB, 0 B/s, -
2026/08/16 16:10:36 NOTICE: -VAULT-/KEYZ/Postman_Vault_Key_2026-05-22 (1).docx: Duplicate object found in source - ignoring
Transferred:   	    8.909 MiB / 2.196 GiB, 0%, 4.253 MiB/s, ETA 8m46s
Checks:                48 / 48, 100%, Listed 1679
Transferred:            6 / 1295, 0%
Elapsed time:         4.9s
Transferring:
 *        -AI-MEDIA-/Genesis of Vulture Inc..png: 68% / 4.390 MiB, 0 B/s, -
2026/08/16 16:10:36 NOTICE: -VAULT-/KEYZ/Postman_Vault_Key_2026-05-22.docx: Duplicate object found in source - ignoring
Transferred:   	    8.909 MiB / 2.196 GiB, 0%, 4.253 MiB/s, ETA 8m46s
Checks:                48 / 48, 100%, Listed 1679
Transferred:            6 / 1296, 0%
Elapsed time:         4.9s
Transferring:
 *        -AI-MEDIA-/Genesis of Vulture Inc..png: 68% / 4.390 MiB, 0 B/s, -
2026/08/16 16:10:36 NOTICE: -VAULT-/KEYZ/Server-Status-ToolsRegistered.xlsx: Duplicate object found in source - ignoring
Transferred:   	    8.909 MiB / 2.196 GiB, 0%, 4.253 MiB/s, ETA 8m46s
Checks:                48 / 48, 100%, Listed 1679
Transferred:            6 / 1297, 0%
Elapsed time:         4.9s
Transferring:
 *        -AI-MEDIA-/Genesis of Vulture Inc..png: 68% / 4.390 MiB, 0 B/s, -
2026/08/16 16:10:36 NOTICE: -VAULT-/KEYZ/Termux key (1).docx: Duplicate object found in source - ignoring
Transferred:   	    8.909 MiB / 2.196 GiB, 0%, 4.253 MiB/s, ETA 8m46s
Checks:                48 / 48, 100%, Listed 1679
Transferred:            6 / 1298, 0%
Elapsed time:         4.9s
Transferring:
 *        -AI-MEDIA-/Genesis of Vulture Inc..png: 68% / 4.390 MiB, 0 B/s, -
2026/08/16 16:10:36 NOTICE: -VAULT-/KEYZ/Termux key.docx: Duplicate object found in source - ignoring
Transferred:   	    8.909 MiB / 2.196 GiB, 0%, 4.253 MiB/s, ETA 8m46s
Checks:                48 / 48, 100%, Listed 1679
Transferred:            6 / 1299, 0%
Elapsed time:         4.9s
Transferring:
 *        -AI-MEDIA-/Genesis of Vulture Inc..png: 68% / 4.390 MiB, 0 B/s, -
2026/08/16 16:10:36 NOTICE: -VAULT-/KEYZ/Untitled(1).docx: Duplicate object found in source - ignoring
Transferred:   	    8.909 MiB / 2.196 GiB, 0%, 4.253 MiB/s, ETA 8m46s
Checks:                48 / 48, 100%, Listed 1679
Transferred:            6 / 1300, 0%
Elapsed time:         4.9s
Transferring:
 *        -AI-MEDIA-/Genesis of Vulture Inc..png: 68% / 4.390 MiB, 0 B/s, -
2026/08/16 16:10:36 NOTICE: -VAULT-/KEYZ/Untitled.docx: Duplicate object found in source - ignoring
Transferred:   	    8.909 MiB / 2.196 GiB, 0%, 4.253 MiB/s, ETA 8m46s
Checks:                48 / 48, 100%, Listed 1679
Transferred:            6 / 1301, 0%
Elapsed time:         4.9s
Transferring:
 *        -AI-MEDIA-/Genesis of Vulture Inc..png: 68% / 4.390 MiB, 0 B/s, -
2026/08/16 16:10:36 NOTICE: -VAULT-/KEYZ/cmd fix.docx: Duplicate object found in source - ignoring
Transferred:   	    8.909 MiB / 2.196 GiB, 0%, 4.253 MiB/s, ETA 8m46s
Checks:                48 / 48, 100%, Listed 1679
Transferred:            6 / 1305, 0%
Elapsed time:         4.9s
Transferring:
 *        -AI-MEDIA-/Genesis of Vulture Inc..png: 68% / 4.390 MiB, 0 B/s, -
2026/08/16 16:10:36 NOTICE: -VAULT-/KEYZ/cmd.docx: Duplicate object found in source - ignoring
Transferred:   	    8.909 MiB / 2.196 GiB, 0%, 4.253 MiB/s, ETA 8m46s
Checks:                48 / 48, 100%, Listed 1679
Transferred:            6 / 1306, 0%
Elapsed time:         4.9s
Transferring:
 *        -AI-MEDIA-/Genesis of Vulture Inc..png: 68% / 4.390 MiB, 0 B/s, -
2026/08/16 16:10:36 NOTICE: -VAULT-/KEYZ/force install.docx: Duplicate object found in source - ignoring
Transferred:   	    8.909 MiB / 2.196 GiB, 0%, 4.253 MiB/s, ETA 8m46s
Checks:                48 / 48, 100%, Listed 1679
Transferred:            6 / 1311, 0%
Elapsed time:         4.9s
Transferring:
 *        -AI-MEDIA-/Genesis of Vulture Inc..png: 68% / 4.390 MiB, 0 B/s, -
2026/08/16 16:10:36 NOTICE: -VAULT-/KEYZ/githubtoken.docx: Duplicate object found in source - ignoring
Transferred:   	    8.909 MiB / 2.196 GiB, 0%, 4.253 MiB/s, ETA 8m46s
Checks:                48 / 48, 100%, Listed 1679
Transferred:            6 / 1313, 0%
Elapsed time:         4.9s
Transferring:
 *        -AI-MEDIA-/Genesis of Vulture Inc..png: 68% / 4.390 MiB, 0 B/s, -
2026/08/16 16:10:36 NOTICE: -VAULT-/KEYZ/githubtoken.txt(1).docx: Duplicate object found in source - ignoring
Transferred:   	    8.909 MiB / 2.196 GiB, 0%, 4.253 MiB/s, ETA 8m46s
Checks:                48 / 48, 100%, Listed 1679
Transferred:            6 / 1314, 0%
Elapsed time:         4.9s
Transferring:
 *        -AI-MEDIA-/Genesis of Vulture Inc..png: 68% / 4.390 MiB, 0 B/s, -
2026/08/16 16:10:36 NOTICE: -VAULT-/KEYZ/pwrshll.docx: Duplicate object found in source - ignoring
Transferred:   	    8.909 MiB / 2.196 GiB, 0%, 4.253 MiB/s, ETA 8m46s
Checks:                48 / 48, 100%, Listed 1679
Transferred:            6 / 1318, 0%
Elapsed time:         4.9s
Transferring:
 *        -AI-MEDIA-/Genesis of Vulture Inc..png: 68% / 4.390 MiB, 0 B/s, -
2026/08/16 16:10:36 NOTICE: -VAULT-/KEYZ/pwrshllfix.bat.docx: Duplicate object found in source - ignoring
Transferred:   	    8.909 MiB / 2.196 GiB, 0%, 4.253 MiB/s, ETA 8m46s
Checks:                48 / 48, 100%, Listed 1679
Transferred:            6 / 1319, 0%
Elapsed time:         4.9s
Transferring:
 *        -AI-MEDIA-/Genesis of Vulture Inc..png: 68% / 4.390 MiB, 0 B/s, -
2026/08/16 16:10:36 NOTICE: -VAULT-/KEYZ/requirements.docx: Duplicate object found in source - ignoring
Transferred:   	    8.909 MiB / 2.196 GiB, 0%, 4.253 MiB/s, ETA 8m46s
Checks:                48 / 48, 100%, Listed 1679
Transferred:            6 / 1320, 0%
Elapsed time:         4.9s
Transferring:
 *        -AI-MEDIA-/Genesis of Vulture Inc..png: 68% / 4.390 MiB, 0 B/s, -Transferred:   	    8.909 MiB / 2.197 GiB, 0%, 4.253 MiB/s, ETA 8m46s
Checks:                48 / 48, 100%, Listed 1679
Transferred:            6 / 1323, 0%
Elapsed time:         5.0s
Transferring:
 *        -AI-MEDIA-/Genesis of Vulture Inc..png: 68% / 4.390 MiB, 0 B/s, -Transferred:   	   10.303 MiB / 2.197 GiB, 0%, 4.253 MiB/s, ETA 8m46s
Checks:                48 / 48, 100%, Listed 1685
Transferred:            7 / 1329, 1%
Elapsed time:         5.5s
Transferring:
 *            -AI-MEDIA-/IMG_20250714_154343.png: transferringTransferred:   	   10.388 MiB / 2.467 GiB, 0%, 4.253 MiB/s, ETA 9m51s
Checks:                48 / 48, 100%, Listed 1711
Transferred:            8 / 1347, 1%
Elapsed time:         6.0s
Transferring:
 *                       -AI-MEDIA-/Lookbook.pdf: transferringTransferred:   	   10.415 MiB / 2.468 GiB, 0%, 4.253 MiB/s, ETA 9m51s
Checks:                48 / 48, 100%, Listed 1715
Transferred:            8 / 1349, 1%
Elapsed time:         6.5s
Transferring:
 *                       -AI-MEDIA-/Lookbook.pdf:  2% / 1.140 MiB, 0 B/s, -Transferred:   	   11.528 MiB / 2.468 GiB, 0%, 5.221 MiB/s, ETA 8m1s
Checks:                48 / 48, 100%, Listed 1721
Transferred:            9 / 1351, 1%
Elapsed time:         7.0s
Transferring:
 *            -AI-MEDIA-/RETRO_LEGENDS COVER.jpg: transferringTransferred:   	   11.819 MiB / 2.468 GiB, 0%, 5.221 MiB/s, ETA 8m1s
Checks:                48 / 48, 100%, Listed 1731
Transferred:           10 / 1358, 1%
Elapsed time:         7.5s
Transferring:
 *               -AI-MEDIA-/Space Background.png: transferringTransferred:   	   11.824 MiB / 2.470 GiB, 0%, 5.221 MiB/s, ETA 8m2s
Checks:                48 / 48, 100%, Listed 1772
Transferred:           11 / 1371, 1%
Elapsed time:         8.0s
Transferring:
 * -AI-MEDIA-/Sync with m…nd pull an upda....pdf: transferringTransferred:   	   11.854 MiB / 2.441 GiB, 0%, 5.221 MiB/s, ETA 7m56s
Checks:                48 / 48, 100%, Listed 1781
Transferred:           12 / 1373, 1%
Elapsed time:         8.5s
Transferring:
 *         -AI-MEDIA-/System Audit Blueprint.mp4: transferring
2026/08/16 16:10:40 NOTICE: ARCHIVE/yg ft u/g g ft h/ARCHIVE: Duplicate directory found in source - ignoring
Transferred:   	   11.854 MiB / 2.441 GiB, 0%, 5.221 MiB/s, ETA 7m56s
Checks:                48 / 48, 100%, Listed 1787
Transferred:           12 / 1373, 1%
Elapsed time:         8.7s
Transferring:
 *         -AI-MEDIA-/System Audit Blueprint.mp4: transferring
2026/08/16 16:10:40 NOTICE: ARCHIVE/yg ft u/g g ft h/https:／／noteboo.txt: Duplicate object found in source - ignoring
Transferred:   	   11.854 MiB / 2.441 GiB, 0%, 5.221 MiB/s, ETA 7m56s
Checks:                48 / 48, 100%, Listed 1787
Transferred:           12 / 1374, 1%
Elapsed time:         8.7s
Transferring:
 *         -AI-MEDIA-/System Audit Blueprint.mp4: transferringTransferred:   	   11.854 MiB / 2.441 GiB, 0%, 5.221 MiB/s, ETA 7m56s
Checks:                48 / 48, 100%, Listed 1795
Transferred:           12 / 1375, 1%
Elapsed time:         9.0s
Transferring:
 *         -AI-MEDIA-/System Audit Blueprint.mp4: transferringTransferred:   	   12.850 MiB / 2.470 GiB, 1%, 3.950 MiB/s, ETA 10m37s
Checks:                48 / 48, 100%, Listed 1809
Transferred:           12 / 1382, 1%
Elapsed time:         9.5s
Transferring:
 *         -AI-MEDIA-/System Audit Blueprint.mp4:  3% / 29.457 MiB, 0 B/s, -Transferred:   	   17.850 MiB / 2.470 GiB, 1%, 3.950 MiB/s, ETA 10m35s
Checks:                48 / 48, 100%, Listed 1851
Transferred:           12 / 1386, 1%
Elapsed time:        10.0s
Transferring:
 *         -AI-MEDIA-/System Audit Blueprint.mp4: 20% / 29.457 MiB, 0 B/s, -
2026/08/16 16:10:41 NOTICE: GEO-BRAIN/COSMOLOGOS: Duplicate directory found in source - ignoring
Transferred:   	   17.850 MiB / 2.470 GiB, 1%, 3.950 MiB/s, ETA 10m35s
Checks:                48 / 48, 100%, Listed 1859
Transferred:           12 / 1386, 1%
Elapsed time:        10.0s
Transferring:
 *         -AI-MEDIA-/System Audit Blueprint.mp4: 20% / 29.457 MiB, 0 B/s, -Transferred:   	   21.850 MiB / 2.588 GiB, 1%, 4.711 MiB/s, ETA 9m17s
Checks:                48 / 48, 100%, Listed 1873
Transferred:           12 / 1399, 1%
Elapsed time:        10.5s
Transferring:
 *         -AI-MEDIA-/System Audit Blueprint.mp4: 33% / 29.457 MiB, 7.994 MiB/s,Transferred:   	   25.850 MiB / 2.588 GiB, 1%, 4.711 MiB/s, ETA 9m17s
Checks:                48 / 48, 100%, Listed 1880
Transferred:           12 / 1399, 1%
Elapsed time:        11.0s
Transferring:
 *         -AI-MEDIA-/System Audit Blueprint.mp4: 47% / 29.457 MiB, 7.994 MiB/s,Transferred:   	   30.850 MiB / 2.588 GiB, 1%, 5.369 MiB/s, ETA 8m7s
Checks:                48 / 48, 100%, Listed 1888
Transferred:           12 / 1406, 1%
Elapsed time:        11.5s
Transferring:
 *         -AI-MEDIA-/System Audit Blueprint.mp4: 64% / 29.457 MiB, 7.997 MiB/s,
2026/08/16 16:10:42 NOTICE: -VAULT-/KEYZ/ISO-RAR-ZIP=/EXEMPLARS/BalabolkaPortable/App/Readme.docx: Duplicate object found in source - ignoring
Transferred:   	   30.850 MiB / 2.588 GiB, 1%, 5.369 MiB/s, ETA 8m7s
Checks:                48 / 48, 100%, Listed 1892
Transferred:           12 / 1407, 1%
Elapsed time:        11.5s
Transferring:
 *         -AI-MEDIA-/System Audit Blueprint.mp4: 64% / 29.457 MiB, 7.997 MiB/s,Transferred:   	   35.850 MiB / 2.588 GiB, 1%, 5.369 MiB/s, ETA 8m7s
Checks:                48 / 48, 100%, Listed 1900
Transferred:           12 / 1410, 1%
Elapsed time:        12.0s
Transferring:
 *         -AI-MEDIA-/System Audit Blueprint.mp4: 81% / 29.457 MiB, 7.997 MiB/s,Transferred:   	   41.311 MiB / 2.585 GiB, 2%, 6.308 MiB/s, ETA 6m53s
Checks:                48 / 48, 100%, Listed 1901
Transferred:           13 / 1410, 1%
Elapsed time:        12.5s
Transferring:
 * -AI-MEDIA-/System Sync…udit Status Report.png: transferringTransferred:   	   41.311 MiB / 2.585 GiB, 2%, 6.308 MiB/s, ETA 6m53s
Checks:                48 / 48, 100%, Listed 1902
Transferred:           13 / 1410, 1%
Elapsed time:        13.0s
Transferring:
 * -AI-MEDIA-/System Sync…udit Status Report.png: transferringTransferred:   	   43.307 MiB / 2.588 GiB, 2%, 6.186 MiB/s, ETA 7m1s
Checks:                48 / 48, 100%, Listed 2220
Transferred:           13 / 1416, 1%
Elapsed time:        13.5s
Transferring:
 * -AI-MEDIA-/System Sync…udit Status Report.png: 49% / 4.029 MiB, 0 B/s, -
2026/08/16 16:10:44 NOTICE: -VAULT-/KEYZ/ISO-RAR-ZIP=/EXEMPLARS/Interface_Driver/W11x64/ReadMe.docx: Duplicate object found in source - ignoring
Transferred:   	   45.339 MiB / 2.588 GiB, 2%, 6.186 MiB/s, ETA 7m1s
Checks:                48 / 48, 100%, Listed 2224
Transferred:           14 / 1419, 1%
Elapsed time:        13.6s
Transferring:
 *               -AI-MEDIA-/T_1017502_Body_D.png: transferringTransferred:   	   45.339 MiB / 2.588 GiB, 2%, 6.186 MiB/s, ETA 7m1s
Checks:                48 / 48, 100%, Listed 2229
Transferred:           14 / 1421, 1%
Elapsed time:        14.0s
Transferring:
 *               -AI-MEDIA-/T_1017502_Body_D.png: transferringTransferred:   	   46.167 MiB / 2.588 GiB, 2%, 6.186 MiB/s, ETA 7m
Checks:                48 / 48, 100%, Listed 2233
Transferred:           15 / 1424, 1%
Elapsed time:        14.5s
Transferring:
 *              -AI-MEDIA-/T_1017502_Hair_AO.png: transferring
2026/08/16 16:10:45 NOTICE: -VAULT-/KEYZ/ISO-RAR-ZIP=/EXEMPLARS/BalabolkaPortable/App/AppInfo/EULA.docx: Duplicate object found in source - ignoring
Transferred:   	   46.167 MiB / 2.588 GiB, 2%, 6.186 MiB/s, ETA 7m
Checks:                48 / 48, 100%, Listed 2244
Transferred:           15 / 1425, 1%
Elapsed time:        14.5s
Transferring:
 *              -AI-MEDIA-/T_1017502_Hair_AO.png: transferring
2026/08/16 16:10:45 NOTICE: MOTHER-BRAIN/Mother-Brain Snapshot (Session 2025-11-03).docx: Duplicate object found in source - ignoring
Transferred:   	   46.516 MiB / 2.592 GiB, 2%, 6.186 MiB/s, ETA 7m1s
Checks:                48 / 48, 100%, Listed 2434
Transferred:           15 / 1460, 1%
Elapsed time:        14.6s
Transferring:
 *              -AI-MEDIA-/T_1017502_Hair_AO.png:100% / 357.417 KiB, 0 B/s, -
2026/08/16 16:10:46 NOTICE: MOTHER-BRAIN/README.md: Duplicate object found in source - ignoring
Transferred:   	   46.516 MiB / 2.593 GiB, 2%, 6.186 MiB/s, ETA 7m1s
Checks:                48 / 48, 100%, Listed 2434
Transferred:           15 / 1463, 1%
Elapsed time:        14.6s
2026/08/16 16:10:46 NOTICE: MOTHER-BRAIN/README.md: Duplicate object found in source - ignoring
Transferred:   	   46.516 MiB / 2.593 GiB, 2%, 6.186 MiB/s, ETA 7m1s
Checks:                48 / 48, 100%, Listed 2434
Transferred:           16 / 1463, 1%
Elapsed time:        14.6sTransferred:   	   46.516 MiB / 2.846 GiB, 2%, 6.186 MiB/s, ETA 7m43s
Checks:                48 / 48, 100%, Listed 2444
Transferred:           16 / 1591, 1%
Elapsed time:        15.0s
Transferring:
 *               -AI-MEDIA-/T_1017502_Hair_D.png: transferringTransferred:   	   46.598 MiB / 2.846 GiB, 2%, 6.186 MiB/s, ETA 7m43s
Checks:                48 / 48, 100%, Listed 2462
Transferred:           17 / 1606, 1%
Elapsed time:        15.5s
Transferring:
 *               -AI-MEDIA-/T_1017502_Head_D.png: transferringTransferred:   	   46.989 MiB / 2.850 GiB, 2%, 6.186 MiB/s, ETA 7m44s
Checks:                48 / 48, 100%, Listed 2470
Transferred:           18 / 1611, 1%
Elapsed time:        16.0s
Transferring:
 *           -AI-MEDIA-/T_Common_EyeShadow_2.png: transferringTransferred:   	   47.303 MiB / 2.850 GiB, 2%, 6.186 MiB/s, ETA 7m44s
Checks:                48 / 48, 100%, Listed 2486
Transferred:           20 / 1623, 1%
Elapsed time:        16.5s
Transferring:
 *                            -AI-MEDIA-/ZED.jpg: transferringTransferred:   	   47.420 MiB / 2.850 GiB, 2%, 6.186 MiB/s, ETA 7m44s
Checks:                48 / 48, 100%, Listed 2501
Transferred:           21 / 1635, 1%
Elapsed time:        17.0s
Transferring:
 * -AI-MEDIA-/eadf9f9274c…a784874c5435867793.jpg: transferringTransferred:   	   47.420 MiB / 2.852 GiB, 2%, 6.186 MiB/s, ETA 7m44s
Checks:                48 / 48, 100%, Listed 2527
Transferred:           21 / 1658, 1%
Elapsed time:        17.5s
Transferring:
 * -AI-MEDIA-/eadf9f9274c…a784874c5435867793.jpg: transferring
2026/08/16 16:10:49 NOTICE: -VAULT-/KEYZ/ISO-RAR-ZIP=/EXEMPLARS/BalabolkaPortable/App/Balabolka/history.eng.docx: Duplicate object found in source - ignoring
Transferred:   	   47.523 MiB / 2.864 GiB, 2%, 5.927 MiB/s, ETA 8m6s
Checks:                48 / 48, 100%, Listed 2581
Transferred:           22 / 1661, 1%
Elapsed time:        17.7s
Transferring:
 *                             -AI-MEDIA-/gh.jpg: transferring
2026/08/16 16:10:49 NOTICE: -VAULT-/KEYZ/ISO-RAR-ZIP=/EXEMPLARS/BalabolkaPortable/App/Balabolka/history.rus.docx: Duplicate object found in source - ignoring
Transferred:   	   47.523 MiB / 2.864 GiB, 2%, 5.927 MiB/s, ETA 8m6s
Checks:                48 / 48, 100%, Listed 2581
Transferred:           22 / 1662, 1%
Elapsed time:        17.7s
Transferring:
 *                             -AI-MEDIA-/gh.jpg: transferring
2026/08/16 16:10:49 NOTICE: -VAULT-/KEYZ/ISO-RAR-ZIP=/EXEMPLARS/BalabolkaPortable/App/Balabolka/license.ces.docx: Duplicate object found in source - ignoring
Transferred:   	   47.523 MiB / 2.871 GiB, 2%, 5.927 MiB/s, ETA 8m7s
Checks:                48 / 48, 100%, Listed 2581
Transferred:           22 / 1673, 1%
Elapsed time:        17.7s
Transferring:
 *                             -AI-MEDIA-/gh.jpg: transferring
2026/08/16 16:10:49 NOTICE: -VAULT-/KEYZ/ISO-RAR-ZIP=/EXEMPLARS/BalabolkaPortable/App/Balabolka/license.chs.docx: Duplicate object found in source - ignoring
Transferred:   	   47.523 MiB / 2.871 GiB, 2%, 5.927 MiB/s, ETA 8m7s
Checks:                48 / 48, 100%, Listed 2581
Transferred:           22 / 1674, 1%
Elapsed time:        17.7s
Transferring:
 *                             -AI-MEDIA-/gh.jpg: transferring
2026/08/16 16:10:49 NOTICE: -VAULT-/KEYZ/ISO-RAR-ZIP=/EXEMPLARS/BalabolkaPortable/App/Balabolka/license.eng.docx: Duplicate object found in source - ignoring
Transferred:   	   47.523 MiB / 2.871 GiB, 2%, 5.927 MiB/s, ETA 8m7s
Checks:                48 / 48, 100%, Listed 2581
Transferred:           22 / 1675, 1%
Elapsed time:        17.7s
Transferring:
 *                             -AI-MEDIA-/gh.jpg: transferring
2026/08/16 16:10:49 NOTICE: -VAULT-/KEYZ/ISO-RAR-ZIP=/EXEMPLARS/BalabolkaPortable/App/Balabolka/license.hun.docx: Duplicate object found in source - ignoring
Transferred:   	   47.523 MiB / 2.871 GiB, 2%, 5.927 MiB/s, ETA 8m7s
Checks:                48 / 48, 100%, Listed 2581
Transferred:           22 / 1676, 1%
Elapsed time:        17.7s
Transferring:
 *                             -AI-MEDIA-/gh.jpg: transferring
2026/08/16 16:10:49 NOTICE: -VAULT-/KEYZ/ISO-RAR-ZIP=/EXEMPLARS/BalabolkaPortable/App/Balabolka/license.ita.docx: Duplicate object found in source - ignoring
Transferred:   	   47.523 MiB / 2.871 GiB, 2%, 5.927 MiB/s, ETA 8m7s
Checks:                48 / 48, 100%, Listed 2581
Transferred:           22 / 1677, 1%
Elapsed time:        17.7s
Transferring:
 *                             -AI-MEDIA-/gh.jpg: transferring
2026/08/16 16:10:49 NOTICE: -VAULT-/KEYZ/ISO-RAR-ZIP=/EXEMPLARS/BalabolkaPortable/App/Balabolka/license.kor.docx: Duplicate object found in source - ignoring
Transferred:   	   47.523 MiB / 2.871 GiB, 2%, 5.927 MiB/s, ETA 8m7s
Checks:                48 / 48, 100%, Listed 2581
Transferred:           22 / 1678, 1%
Elapsed time:        17.7s
Transferring:
 *                             -AI-MEDIA-/gh.jpg: transferring
2026/08/16 16:10:49 NOTICE: -VAULT-/KEYZ/ISO-RAR-ZIP=/EXEMPLARS/BalabolkaPortable/App/Balabolka/license.rus.docx: Duplicate object found in source - ignoring
Transferred:   	   47.523 MiB / 2.871 GiB, 2%, 5.927 MiB/s, ETA 8m7s
Checks:                48 / 48, 100%, Listed 2581
Transferred:           22 / 1679, 1%
Elapsed time:        17.7s
Transferring:
 *                             -AI-MEDIA-/gh.jpg: transferring
2026/08/16 16:10:49 NOTICE: -VAULT-/KEYZ/ISO-RAR-ZIP=/EXEMPLARS/BalabolkaPortable/App/Balabolka/license.slk.docx: Duplicate object found in source - ignoring
Transferred:   	   47.523 MiB / 2.871 GiB, 2%, 5.927 MiB/s, ETA 8m7s
Checks:                48 / 48, 100%, Listed 2581
Transferred:           22 / 1680, 1%
Elapsed time:        17.7s
Transferring:
 *                             -AI-MEDIA-/gh.jpg: transferring
2026/08/16 16:10:49 NOTICE: -VAULT-/KEYZ/ISO-RAR-ZIP=/EXEMPLARS/BalabolkaPortable/App/Balabolka/readme.ces.docx: Duplicate object found in source - ignoring
Transferred:   	   47.523 MiB / 2.871 GiB, 2%, 5.927 MiB/s, ETA 8m7s
Checks:                48 / 48, 100%, Listed 2581
Transferred:           22 / 1682, 1%
Elapsed time:        17.7s
Transferring:
 *                             -AI-MEDIA-/gh.jpg: transferring
2026/08/16 16:10:49 NOTICE: -VAULT-/KEYZ/ISO-RAR-ZIP=/EXEMPLARS/BalabolkaPortable/App/Balabolka/readme.chs.docx: Duplicate object found in source - ignoring
Transferred:   	   47.523 MiB / 2.871 GiB, 2%, 5.927 MiB/s, ETA 8m7s
Checks:                48 / 48, 100%, Listed 2581
Transferred:           22 / 1683, 1%
Elapsed time:        17.7s
Transferring:
 *                             -AI-MEDIA-/gh.jpg: transferring
2026/08/16 16:10:49 NOTICE: -VAULT-/KEYZ/ISO-RAR-ZIP=/EXEMPLARS/BalabolkaPortable/App/Balabolka/readme.eng.docx: Duplicate object found in source - ignoring
Transferred:   	   47.523 MiB / 2.871 GiB, 2%, 5.927 MiB/s, ETA 8m7s
Checks:                48 / 48, 100%, Listed 2581
Transferred:           22 / 1684, 1%
Elapsed time:        17.7s
Transferring:
 *                             -AI-MEDIA-/gh.jpg: transferring
2026/08/16 16:10:49 NOTICE: -VAULT-/KEYZ/ISO-RAR-ZIP=/EXEMPLARS/BalabolkaPortable/App/Balabolka/readme.hun.docx: Duplicate object found in source - ignoring
Transferred:   	   47.523 MiB / 2.871 GiB, 2%, 5.927 MiB/s, ETA 8m7s
Checks:                48 / 48, 100%, Listed 2581
Transferred:           22 / 1685, 1%
Elapsed time:        17.7s
Transferring:
 *                             -AI-MEDIA-/gh.jpg: transferring
2026/08/16 16:10:49 NOTICE: -VAULT-/KEYZ/ISO-RAR-ZIP=/EXEMPLARS/BalabolkaPortable/App/Balabolka/readme.ita.docx: Duplicate object found in source - ignoring
Transferred:   	   47.523 MiB / 2.871 GiB, 2%, 5.927 MiB/s, ETA 8m7s
Checks:                48 / 48, 100%, Listed 2581
Transferred:           22 / 1686, 1%
Elapsed time:        17.7s
Transferring:
 *                             -AI-MEDIA-/gh.jpg: transferring
2026/08/16 16:10:49 NOTICE: -VAULT-/KEYZ/ISO-RAR-ZIP=/EXEMPLARS/BalabolkaPortable/App/Balabolka/readme.kor.docx: Duplicate object found in source - ignoring
Transferred:   	   47.523 MiB / 2.871 GiB, 2%, 5.927 MiB/s, ETA 8m7s
Checks:                48 / 48, 100%, Listed 2581
Transferred:           22 / 1687, 1%
Elapsed time:        17.7s
Transferring:
 *                             -AI-MEDIA-/gh.jpg: transferring
2026/08/16 16:10:49 NOTICE: -VAULT-/KEYZ/ISO-RAR-ZIP=/EXEMPLARS/BalabolkaPortable/App/Balabolka/readme.rus.docx: Duplicate object found in source - ignoring
Transferred:   	   47.523 MiB / 2.871 GiB, 2%, 5.927 MiB/s, ETA 8m7s
Checks:                48 / 48, 100%, Listed 2581
Transferred:           22 / 1688, 1%
Elapsed time:        17.7s
Transferring:
 *                             -AI-MEDIA-/gh.jpg: transferring
2026/08/16 16:10:49 NOTICE: -VAULT-/KEYZ/ISO-RAR-ZIP=/EXEMPLARS/BalabolkaPortable/App/Balabolka/readme.slk.docx: Duplicate object found in source - ignoring
Transferred:   	   47.523 MiB / 2.871 GiB, 2%, 5.927 MiB/s, ETA 8m7s
Checks:                48 / 48, 100%, Listed 2581
Transferred:           22 / 1689, 1%
Elapsed time:        17.7s
Transferring:
 *                             -AI-MEDIA-/gh.jpg: transferring
2026/08/16 16:10:49 NOTICE: -VAULT-/KEYZ/ISO-RAR-ZIP=/EXEMPLARS/BalabolkaPortable/App/Balabolka/readme.vie.docx: Duplicate object found in source - ignoring
Transferred:   	   47.523 MiB / 2.871 GiB, 2%, 5.927 MiB/s, ETA 8m7s
Checks:                48 / 48, 100%, Listed 2581
Transferred:           22 / 1690, 1%
Elapsed time:        17.7s
Transferring:
 *                             -AI-MEDIA-/gh.jpg: transferring
2026/08/16 16:10:49 NOTICE: NOMADZ-0/.godot: Duplicate directory found in source - ignoring
Transferred:   	   47.523 MiB / 2.872 GiB, 2%, 5.927 MiB/s, ETA 8m8s
Checks:                48 / 48, 100%, Listed 2660
Transferred:           22 / 1699, 1%
Elapsed time:        17.8s
Transferring:
 *                             -AI-MEDIA-/gh.jpg: transferring
2026/08/16 16:10:49 NOTICE: NOMADZ-0/addons: Duplicate directory found in source - ignoring
Transferred:   	   47.523 MiB / 2.872 GiB, 2%, 5.927 MiB/s, ETA 8m8s
Checks:                48 / 48, 100%, Listed 2660
Transferred:           22 / 1707, 1%
Elapsed time:        17.8s
Transferring:
 *                             -AI-MEDIA-/gh.jpg: transferring
2026/08/16 16:10:49 NOTICE: NOMADZ-0/assets: Duplicate directory found in source - ignoring
Transferred:   	   47.523 MiB / 2.872 GiB, 2%, 5.927 MiB/s, ETA 8m8s
Checks:                48 / 48, 100%, Listed 2660
Transferred:           22 / 1707, 1%
Elapsed time:        17.8s
Transferring:
 *                             -AI-MEDIA-/gh.jpg: transferring
2026/08/16 16:10:49 NOTICE: NOMADZ-0/project.godot: Duplicate object found in source - ignoring
Transferred:   	   47.523 MiB / 2.872 GiB, 2%, 5.927 MiB/s, ETA 8m8s
Checks:                48 / 48, 100%, Listed 2660
Transferred:           22 / 1716, 1%
Elapsed time:        17.8s
Transferring:
 *                             -AI-MEDIA-/gh.jpg: transferringTransferred:   	   47.523 MiB / 2.872 GiB, 2%, 5.927 MiB/s, ETA 8m8s
Checks:                48 / 48, 100%, Listed 2660
Transferred:           22 / 1716, 1%
Elapsed time:        18.0s
Transferring:
 *                             -AI-MEDIA-/gh.jpg: transferringTransferred:   	   47.902 MiB / 2.872 GiB, 2%, 5.927 MiB/s, ETA 8m8s
Checks:                48 / 48, 100%, Listed 2666
Transferred:           24 / 1720, 1%
Elapsed time:        18.5s
Transferring:
 *                         -AI-MEDIA-/jetson.jpg: transferringTransferred:   	   47.991 MiB / 2.872 GiB, 2%, 5.927 MiB/s, ETA 8m8s
Checks:                48 / 48, 100%, Listed 2674
Transferred:           25 / 1727, 1%
Elapsed time:        19.0s
Transferring:
 *                           -AI-MEDIA-/lava.jpg: transferring
2026/08/16 16:10:50 NOTICE: LOCAL-CASE-FILES/uapRelease_1/Release_1/65_HS1-834228961_62-HQ-83894_Serial_403.pdf: Duplicate object found in source - ignoring
Transferred:   	   48.077 MiB / 2.997 GiB, 2%, 5.927 MiB/s, ETA 8m29s
Checks:                48 / 48, 100%, Listed 2706
Transferred:           26 / 1737, 1%
Elapsed time:        19.1s
Transferring:
 *                        -AI-MEDIA-/legends.ico: transferring
2026/08/16 16:10:50 NOTICE: GEO-BRAIN/GEO-DOCS-CONFIG/01_RESEARCH_ENGINE (1).py: Duplicate object found in source - ignoring
Transferred:   	   48.077 MiB / 3.019 GiB, 2%, 5.927 MiB/s, ETA 8m33s
Checks:                48 / 48, 100%, Listed 3002
Transferred:           26 / 1760, 1%
Elapsed time:        19.2s
Transferring:
 *                        -AI-MEDIA-/legends.ico: transferring
2026/08/16 16:10:50 NOTICE: GEO-BRAIN/GEO-DOCS-CONFIG/01_database_setup (1).sql: Duplicate object found in source - ignoring
Transferred:   	   48.077 MiB / 3.019 GiB, 2%, 5.927 MiB/s, ETA 8m33s
Checks:                48 / 48, 100%, Listed 3002
Transferred:           26 / 1761, 1%
Elapsed time:        19.2s
Transferring:
 *                        -AI-MEDIA-/legends.ico: transferring
2026/08/16 16:10:50 NOTICE: GEO-BRAIN/GEO-DOCS-CONFIG/02_CITATION_MANAGER (1).py: Duplicate object found in source - ignoring
Transferred:   	   48.077 MiB / 3.019 GiB, 2%, 5.927 MiB/s, ETA 8m33s
Checks:                48 / 48, 100%, Listed 3002
Transferred:           26 / 1762, 1%
Elapsed time:        19.2s
Transferring:
 *                        -AI-MEDIA-/legends.ico: transferring
2026/08/16 16:10:50 NOTICE: GEO-BRAIN/GEO-DOCS-CONFIG/02_api_server (1).py: Duplicate object found in source - ignoring
Transferred:   	   48.077 MiB / 3.019 GiB, 2%, 5.927 MiB/s, ETA 8m33s
Checks:                48 / 48, 100%, Listed 3002
Transferred:           26 / 1763, 1%
Elapsed time:        19.2s
Transferring:
 *                        -AI-MEDIA-/legends.ico: transferring
2026/08/16 16:10:50 NOTICE: GEO-BRAIN/GEO-DOCS-CONFIG/03_WIKI_PLATFORM (1).py: Duplicate object found in source - ignoring
Transferred:   	   48.077 MiB / 3.019 GiB, 2%, 5.927 MiB/s, ETA 8m33s
Checks:                48 / 48, 100%, Listed 3002
Transferred:           26 / 1764, 1%
Elapsed time:        19.2s
Transferring:
 *                        -AI-MEDIA-/legends.ico: transferring
2026/08/16 16:10:50 NOTICE: GEO-BRAIN/GEO-DOCS-CONFIG/03_tool_registry.docx: Duplicate object found in source - ignoring
Transferred:   	   48.077 MiB / 3.019 GiB, 2%, 5.927 MiB/s, ETA 8m33s
Checks:                48 / 48, 100%, Listed 3002
Transferred:           26 / 1765, 1%
Elapsed time:        19.2s
Transferring:
 *                        -AI-MEDIA-/legends.ico: transferring
2026/08/16 16:10:50 NOTICE: GEO-BRAIN/GEO-DOCS-CONFIG/03_tool_registry.docx: Duplicate object found in source - ignoring
Transferred:   	   48.077 MiB / 3.019 GiB, 2%, 5.927 MiB/s, ETA 8m33s
Checks:                48 / 48, 100%, Listed 3002
Transferred:           26 / 1765, 1%
Elapsed time:        19.2s
Transferring:
 *                        -AI-MEDIA-/legends.ico: transferring
2026/08/16 16:10:50 NOTICE: GEO-BRAIN/GEO-DOCS-CONFIG/04_COMIC_CREATOR (1).py: Duplicate object found in source - ignoring
Transferred:   	   48.077 MiB / 3.019 GiB, 2%, 5.927 MiB/s, ETA 8m33s
Checks:                48 / 48, 100%, Listed 3002
Transferred:           26 / 1766, 1%
Elapsed time:        19.2s
Transferring:
 *                        -AI-MEDIA-/legends.ico: transferring
2026/08/16 16:10:50 NOTICE: GEO-BRAIN/GEO-DOCS-CONFIG/04_COMIC_CREATOR.py: Duplicate object found in source - ignoring
Transferred:   	   48.077 MiB / 3.019 GiB, 2%, 5.927 MiB/s, ETA 8m33s
Checks:                48 / 48, 100%, Listed 3002
Transferred:           26 / 1767, 1%
Elapsed time:        19.2s
Transferring:
 *                        -AI-MEDIA-/legends.ico: transferring
2026/08/16 16:10:50 NOTICE: GEO-BRAIN/GEO-DOCS-CONFIG/04_COMIC_CREATOR.py: Duplicate object found in source - ignoring
Transferred:   	   48.077 MiB / 3.019 GiB, 2%, 5.927 MiB/s, ETA 8m33s
Checks:                48 / 48, 100%, Listed 3002
Transferred:           26 / 1767, 1%
Elapsed time:        19.2s
Transferring:
 *                        -AI-MEDIA-/legends.ico: transferring
2026/08/16 16:10:50 NOTICE: GEO-BRAIN/GEO-DOCS-CONFIG/04_frontend_components (1).tsx: Duplicate object found in source - ignoring
Transferred:   	   48.077 MiB / 3.019 GiB, 2%, 5.927 MiB/s, ETA 8m33s
Checks:                48 / 48, 100%, Listed 3002
Transferred:           26 / 1768, 1%
Elapsed time:        19.2s
Transferring:
 *                        -AI-MEDIA-/legends.ico: transferring
2026/08/16 16:10:50 NOTICE: GEO-BRAIN/GEO-DOCS-CONFIG/04_frontend_components (1).tsx: Duplicate object found in source - ignoring
Transferred:   	   48.077 MiB / 3.019 GiB, 2%, 5.927 MiB/s, ETA 8m33s
Checks:                48 / 48, 100%, Listed 3002
Transferred:           26 / 1768, 1%
Elapsed time:        19.2s
Transferring:
 *                        -AI-MEDIA-/legends.ico: transferring
2026/08/16 16:10:50 NOTICE: GEO-BRAIN/GEO-DOCS-CONFIG/05_PODCAST_STUDIO (1).py: Duplicate object found in source - ignoring
Transferred:   	   48.077 MiB / 3.019 GiB, 2%, 5.927 MiB/s, ETA 8m33s
Checks:                48 / 48, 100%, Listed 3002
Transferred:           26 / 1769, 1%
Elapsed time:        19.2s
Transferring:
 *                        -AI-MEDIA-/legends.ico: transferring
2026/08/16 16:10:50 NOTICE: GEO-BRAIN/GEO-DOCS-CONFIG/05_PODCAST_STUDIO (1).py: Duplicate object found in source - ignoring
Transferred:   	   48.077 MiB / 3.019 GiB, 2%, 5.927 MiB/s, ETA 8m33s
Checks:                48 / 48, 100%, Listed 3002
Transferred:           26 / 1769, 1%
Elapsed time:        19.2s
Transferring:
 *                        -AI-MEDIA-/legends.ico: transferring
2026/08/16 16:10:50 NOTICE: GEO-BRAIN/GEO-DOCS-CONFIG/05_mesh_network (1).py: Duplicate object found in source - ignoring
Transferred:   	   48.077 MiB / 3.019 GiB, 2%, 5.927 MiB/s, ETA 8m33s
Checks:                48 / 48, 100%, Listed 3002
Transferred:           26 / 1771, 1%
Elapsed time:        19.2s
Transferring:
 *                        -AI-MEDIA-/legends.ico: transferring
2026/08/16 16:10:50 NOTICE: GEO-BRAIN/GEO-DOCS-CONFIG/06_CREATIVE_SUITE (1).py: Duplicate object found in source - ignoring
Transferred:   	   48.077 MiB / 3.019 GiB, 2%, 5.927 MiB/s, ETA 8m33s
Checks:                48 / 48, 100%, Listed 3002
Transferred:           26 / 1772, 1%
Elapsed time:        19.2s
Transferring:
 *                        -AI-MEDIA-/legends.ico: transferring
2026/08/16 16:10:50 NOTICE: GEO-BRAIN/GEO-DOCS-CONFIG/06_docker_compose (1).yml: Duplicate object found in source - ignoring
Transferred:   	   48.077 MiB / 3.019 GiB, 2%, 5.927 MiB/s, ETA 8m33s
Checks:                48 / 48, 100%, Listed 3002
Transferred:           26 / 1773, 1%
Elapsed time:        19.2s
Transferring:
 *                        -AI-MEDIA-/legends.ico: transferring
2026/08/16 16:10:50 NOTICE: GEO-BRAIN/GEO-DOCS-CONFIG/06_docker_compose (1).yml: Duplicate object found in source - ignoring
Transferred:   	   48.077 MiB / 3.019 GiB, 2%, 5.927 MiB/s, ETA 8m33s
Checks:                48 / 48, 100%, Listed 3002
Transferred:           26 / 1773, 1%
Elapsed time:        19.2s
Transferring:
 *                        -AI-MEDIA-/legends.ico: transferring
2026/08/16 16:10:50 NOTICE: GEO-BRAIN/GEO-DOCS-CONFIG/07_NOMADZ_STORY_ENGINE (1).py: Duplicate object found in source - ignoring
Transferred:   	   48.077 MiB / 3.019 GiB, 2%, 5.927 MiB/s, ETA 8m33s
Checks:                48 / 48, 100%, Listed 3002
Transferred:           26 / 1774, 1%
Elapsed time:        19.2s
Transferring:
 *                        -AI-MEDIA-/legends.ico: transferring
2026/08/16 16:10:50 NOTICE: GEO-BRAIN/GEO-DOCS-CONFIG/07_NOMADZ_STORY_ENGINE (1).py: Duplicate object found in source - ignoring
Transferred:   	   48.077 MiB / 3.019 GiB, 2%, 5.927 MiB/s, ETA 8m33s
Checks:                48 / 48, 100%, Listed 3002
Transferred:           26 / 1774, 1%
Elapsed time:        19.2s
Transferring:
 *                        -AI-MEDIA-/legends.ico: transferring
2026/08/16 16:10:50 NOTICE: GEO-BRAIN/GEO-DOCS-CONFIG/07_install_and_deploy (1).sh: Duplicate object found in source - ignoring
Transferred:   	   48.077 MiB / 3.019 GiB, 2%, 5.927 MiB/s, ETA 8m33s
Checks:                48 / 48, 100%, Listed 3002
Transferred:           26 / 1775, 1%
Elapsed time:        19.2s
Transferring:
 *                        -AI-MEDIA-/legends.ico: transferring
2026/08/16 16:10:50 NOTICE: GEO-BRAIN/GEO-DOCS-CONFIG/08_WORLD_BUILDER (1).py: Duplicate object found in source - ignoring
Transferred:   	   48.077 MiB / 3.019 GiB, 2%, 5.927 MiB/s, ETA 8m33s
Checks:                48 / 48, 100%, Listed 3002
Transferred:           26 / 1776, 1%
Elapsed time:        19.2s
Transferring:
 *                        -AI-MEDIA-/legends.ico: transferring
2026/08/16 16:10:50 NOTICE: GEO-BRAIN/GEO-DOCS-CONFIG/08_WORLD_BUILDER (1).py: Duplicate object found in source - ignoring
Transferred:   	   48.077 MiB / 3.019 GiB, 2%, 5.927 MiB/s, ETA 8m33s
Checks:                48 / 48, 100%, Listed 3002
Transferred:           26 / 1776, 1%
Elapsed time:        19.2s
Transferring:
 *                        -AI-MEDIA-/legends.ico: transferring
2026/08/16 16:10:50 NOTICE: GEO-BRAIN/GEO-DOCS-CONFIG/09_COSMIC_KEY_ARCHIVE (1).py: Duplicate object found in source - ignoring
Transferred:   	   48.077 MiB / 3.019 GiB, 2%, 5.927 MiB/s, ETA 8m33s
Checks:                48 / 48, 100%, Listed 3002
Transferred:           26 / 1777, 1%
Elapsed time:        19.2s
Transferring:
 *                        -AI-MEDIA-/legends.ico: transferring
2026/08/16 16:10:50 NOTICE: GEO-BRAIN/GEO-DOCS-CONFIG/09_COSMIC_KEY_ARCHIVE (1).py: Duplicate object found in source - ignoring
Transferred:   	   48.077 MiB / 3.019 GiB, 2%, 5.927 MiB/s, ETA 8m33s
Checks:                48 / 48, 100%, Listed 3002
Transferred:           26 / 1777, 1%
Elapsed time:        19.2s
Transferring:
 *                        -AI-MEDIA-/legends.ico: transferring
2026/08/16 16:10:50 NOTICE: GEO-BRAIN/GEO-DOCS-CONFIG/1-ingest-bronze (1).py: Duplicate object found in source - ignoring
Transferred:   	   48.077 MiB / 3.019 GiB, 2%, 5.927 MiB/s, ETA 8m33s
Checks:                48 / 48, 100%, Listed 3002
Transferred:           26 / 1778, 1%
Elapsed time:        19.2s
Transferring:
 *                        -AI-MEDIA-/legends.ico: transferring
2026/08/16 16:10:50 NOTICE: GEO-BRAIN/GEO-DOCS-CONFIG/1-ingest-bronze (2).py: Duplicate object found in source - ignoring
Transferred:   	   48.077 MiB / 3.019 GiB, 2%, 5.927 MiB/s, ETA 8m33s
Checks:                48 / 48, 100%, Listed 3002
Transferred:           26 / 1779, 1%
Elapsed time:        19.2s
Transferring:
 *                        -AI-MEDIA-/legends.ico: transferring
2026/08/16 16:10:50 NOTICE: GEO-BRAIN/GEO-DOCS-CONFIG/1-ingest-bronze (3).py: Duplicate object found in source - ignoring
Transferred:   	   48.077 MiB / 3.019 GiB, 2%, 5.927 MiB/s, ETA 8m33s
Checks:                48 / 48, 100%, Listed 3002
Transferred:           26 / 1780, 1%
Elapsed time:        19.2s
Transferring:
 *                        -AI-MEDIA-/legends.ico: transferring
2026/08/16 16:10:50 NOTICE: GEO-BRAIN/GEO-DOCS-CONFIG/1-ingest-bronze.py: Duplicate object found in source - ignoring
Transferred:   	   48.077 MiB / 3.019 GiB, 2%, 5.927 MiB/s, ETA 8m33s
Checks:                48 / 48, 100%, Listed 3002
Transferred:           26 / 1781, 1%
Elapsed time:        19.2s
Transferring:
 *                        -AI-MEDIA-/legends.ico: transferring
2026/08/16 16:10:50 NOTICE: GEO-BRAIN/GEO-DOCS-CONFIG/2-build-silver.py: Duplicate object found in source - ignoring
Transferred:   	   48.077 MiB / 3.019 GiB, 2%, 5.927 MiB/s, ETA 8m33s
Checks:                48 / 48, 100%, Listed 3002
Transferred:           26 / 1782, 1%
Elapsed time:        19.2s
Transferring:
 *                        -AI-MEDIA-/legends.ico: transferring
2026/08/16 16:10:50 NOTICE: GEO-BRAIN/GEO-DOCS-CONFIG/26_PILLAR_EXPANSION_SUMMARY (1).docx: Duplicate object found in source - ignoring
Transferred:   	   48.077 MiB / 3.019 GiB, 2%, 5.927 MiB/s, ETA 8m33s
Checks:                48 / 48, 100%, Listed 3002
Transferred:           26 / 1787, 1%
Elapsed time:        19.2s
Transferring:
 *                        -AI-MEDIA-/legends.ico: transferring
2026/08/16 16:10:50 NOTICE: GEO-BRAIN/GEO-DOCS-CONFIG/26_PILLAR_EXPANSION_SUMMARY (1).docx: Duplicate object found in source - ignoring
Transferred:   	   48.077 MiB / 3.019 GiB, 2%, 5.927 MiB/s, ETA 8m33s
Checks:                48 / 48, 100%, Listed 3002
Transferred:           26 / 1787, 1%
Elapsed time:        19.2s
Transferring:
 *                        -AI-MEDIA-/legends.ico: transferring
2026/08/16 16:10:50 NOTICE: GEO-BRAIN/GEO-DOCS-CONFIG/26_PILLAR_EXPANSION_SUMMARY (1).pdf: Duplicate object found in source - ignoring
Transferred:   	   48.077 MiB / 3.019 GiB, 2%, 5.927 MiB/s, ETA 8m33s
Checks:                48 / 48, 100%, Listed 3002
Transferred:           26 / 1788, 1%
Elapsed time:        19.2s
Transferring:
 *                        -AI-MEDIA-/legends.ico: transferring
2026/08/16 16:10:50 NOTICE: GEO-BRAIN/GEO-DOCS-CONFIG/26_PILLAR_EXPANSION_SUMMARY.docx: Duplicate object found in source - ignoring
Transferred:   	   48.077 MiB / 3.019 GiB, 2%, 5.927 MiB/s, ETA 8m33s
Checks:                48 / 48, 100%, Listed 3002
Transferred:           26 / 1789, 1%
Elapsed time:        19.2s
Transferring:
 *                        -AI-MEDIA-/legends.ico: transferring
2026/08/16 16:10:50 NOTICE: GEO-BRAIN/GEO-DOCS-CONFIG/26_PILLAR_EXPANSION_SUMMARY.docx: Duplicate object found in source - ignoring
Transferred:   	   48.077 MiB / 3.019 GiB, 2%, 5.927 MiB/s, ETA 8m33s
Checks:                48 / 48, 100%, Listed 3002
Transferred:           26 / 1789, 1%
Elapsed time:        19.2s
Transferring:
 *                        -AI-MEDIA-/legends.ico: transferring
2026/08/16 16:10:50 NOTICE: GEO-BRAIN/GEO-DOCS-CONFIG/26_PILLAR_EXPANSION_SUMMARY.docx: Duplicate object found in source - ignoring
Transferred:   	   48.077 MiB / 3.019 GiB, 2%, 5.927 MiB/s, ETA 8m33s
Checks:                48 / 48, 100%, Listed 3002
Transferred:           26 / 1789, 1%
Elapsed time:        19.2s
Transferring:
 *                        -AI-MEDIA-/legends.ico: transferring
2026/08/16 16:10:50 NOTICE: GEO-BRAIN/GEO-DOCS-CONFIG/4-registry-manager.py: Duplicate object found in source - ignoring
Transferred:   	   48.077 MiB / 3.019 GiB, 2%, 5.927 MiB/s, ETA 8m33s
Checks:                48 / 48, 100%, Listed 3002
Transferred:           26 / 1790, 1%
Elapsed time:        19.2s
Transferring:
 *                        -AI-MEDIA-/legends.ico: transferring
2026/08/16 16:10:50 NOTICE: GEO-BRAIN/GEO-DOCS-CONFIG/5-retrieve.py: Duplicate object found in source - ignoring
Transferred:   	   48.077 MiB / 3.019 GiB, 2%, 5.927 MiB/s, ETA 8m33s
Checks:                48 / 48, 100%, Listed 3002
Transferred:           26 / 1791, 1%
Elapsed time:        19.2s
Transferring:
 *                        -AI-MEDIA-/legends.ico: transferring
2026/08/16 16:10:50 NOTICE: GEO-BRAIN/GEO-DOCS-CONFIG/API_REFERENCE_COMPLETE (1).md.docx: Duplicate object found in source - ignoring
Transferred:   	   48.077 MiB / 3.020 GiB, 2%, 5.927 MiB/s, ETA 8m33s
Checks:                48 / 48, 100%, Listed 3002
Transferred:           26 / 1793, 1%
Elapsed time:        19.2s
Transferring:
 *                        -AI-MEDIA-/legends.ico: transferring
2026/08/16 16:10:50 NOTICE: GEO-BRAIN/GEO-DOCS-CONFIG/ARCHON FSM Domain.docx: Duplicate object found in source - ignoring
Transferred:   	   48.077 MiB / 3.020 GiB, 2%, 5.927 MiB/s, ETA 8m33s
Checks:                48 / 48, 100%, Listed 3002
Transferred:           26 / 1795, 1%
Elapsed time:        19.2s
Transferring:
 *                        -AI-MEDIA-/legends.ico: transferring
2026/08/16 16:10:50 NOTICE: GEO-BRAIN/GEO-DOCS-CONFIG/ARCHON FSM Domain.docx: Duplicate object found in source - ignoring
Transferred:   	   48.077 MiB / 3.020 GiB, 2%, 5.927 MiB/s, ETA 8m33s
Checks:                48 / 48, 100%, Listed 3002
Transferred:           26 / 1795, 1%
Elapsed time:        19.2s
Transferring:
 *                        -AI-MEDIA-/legends.ico: transferring
2026/08/16 16:10:50 NOTICE: GEO-BRAIN/GEO-DOCS-CONFIG/ARCHON Shadow Intervention Payload.docx: Duplicate object found in source - ignoring
Transferred:   	   48.077 MiB / 3.020 GiB, 2%, 5.927 MiB/s, ETA 8m33s
Checks:                48 / 48, 100%, Listed 3002
Transferred:           26 / 1796, 1%
Elapsed time:        19.2s
Transferring:
 *                        -AI-MEDIA-/legends.ico: transferring
2026/08/16 16:10:50 NOTICE: GEO-BRAIN/GEO-DOCS-CONFIG/ARCHON Shadow Intervention Payload.docx: Duplicate object found in source - ignoring
Transferred:   	   48.077 MiB / 3.020 GiB, 2%, 5.927 MiB/s, ETA 8m33s
Checks:                48 / 48, 100%, Listed 3002
Transferred:           26 / 1796, 1%
Elapsed time:        19.2s
Transferring:
 *                        -AI-MEDIA-/legends.ico: transferring
2026/08/16 16:10:50 NOTICE: GEO-BRAIN/GEO-DOCS-CONFIG/AURA (1).json: Duplicate object found in source - ignoring
Transferred:   	   48.077 MiB / 3.020 GiB, 2%, 5.927 MiB/s, ETA 8m33s
Checks:                48 / 48, 100%, Listed 3002
Transferred:           26 / 1797, 1%
Elapsed time:        19.2s
Transferring:
 *                        -AI-MEDIA-/legends.ico: transferring
2026/08/16 16:10:50 NOTICE: GEO-BRAIN/GEO-DOCS-CONFIG/Add CI smoke tests per platform a3b04afff2204481af6b4c3ea2541c35.md: Duplicate object found in source - ignoring
Transferred:   	   48.077 MiB / 3.020 GiB, 2%, 5.927 MiB/s, ETA 8m33s
Checks:                48 / 48, 100%, Listed 3002
Transferred:           26 / 1798, 1%
Elapsed time:        19.2s
Transferring:
 *                        -AI-MEDIA-/legends.ico: transferring
2026/08/16 16:10:50 NOTICE: GEO-BRAIN/GEO-DOCS-CONFIG/Add CI smoke tests per platform a3b04afff2204481af6b4c3ea2541c35.md: Duplicate object found in source - ignoring
Transferred:   	   48.077 MiB / 3.020 GiB, 2%, 5.927 MiB/s, ETA 8m33s
Checks:                48 / 48, 100%, Listed 3002
Transferred:           26 / 1798, 1%
Elapsed time:        19.2s
Transferring:
 *                        -AI-MEDIA-/legends.ico: transferring
2026/08/16 16:10:50 NOTICE: GEO-BRAIN/GEO-DOCS-CONFIG/Advance all.xlsx: Duplicate object found in source - ignoring
Transferred:   	   48.077 MiB / 3.020 GiB, 2%, 5.927 MiB/s, ETA 8m33s
Checks:                48 / 48, 100%, Listed 3002
Transferred:           26 / 1799, 1%
Elapsed time:        19.2s
Transferring:
 *                        -AI-MEDIA-/legends.ico: transferring
2026/08/16 16:10:50 NOTICE: GEO-BRAIN/GEO-DOCS-CONFIG/Aggregated Master Archive.docx: Duplicate object found in source - ignoring
Transferred:   	   48.077 MiB / 3.020 GiB, 2%, 5.927 MiB/s, ETA 8m33s
Checks:                48 / 48, 100%, Listed 3002
Transferred:           26 / 1800, 1%
Elapsed time:        19.2s
Transferring:
 *                        -AI-MEDIA-/legends.ico: transferring
2026/08/16 16:10:50 NOTICE: GEO-BRAIN/GEO-DOCS-CONFIG/Aggregated Master Archive.docx: Duplicate object found in source - ignoring
Transferred:   	   48.077 MiB / 3.020 GiB, 2%, 5.927 MiB/s, ETA 8m33s
Checks:                48 / 48, 100%, Listed 3002
Transferred:           26 / 1800, 1%
Elapsed time:        19.2s
Transferring:
 *                        -AI-MEDIA-/legends.ico: transferring
2026/08/16 16:10:50 NOTICE: GEO-BRAIN/GEO-DOCS-CONFIG/Analytics dashboard 3f527a4c277647179d4e291e5d10f877.md: Duplicate object found in source - ignoring
Transferred:   	   48.077 MiB / 3.020 GiB, 2%, 5.927 MiB/s, ETA 8m33s
Checks:                48 / 48, 100%, Listed 3002
Transferred:           26 / 1801, 1%
Elapsed time:        19.2s
Transferring:
 *                        -AI-MEDIA-/legends.ico: transferring
2026/08/16 16:10:50 NOTICE: GEO-BRAIN/GEO-DOCS-CONFIG/Android MCP Setup.docx: Duplicate object found in source - ignoring
Transferred:   	   48.077 MiB / 3.020 GiB, 2%, 5.927 MiB/s, ETA 8m33s
Checks:                48 / 48, 100%, Listed 3002
Transferred:           26 / 1802, 1%
Elapsed time:        19.2s
Transferring:
 *                        -AI-MEDIA-/legends.ico: transferring
2026/08/16 16:10:50 NOTICE: GEO-BRAIN/GEO-DOCS-CONFIG/Android MCP Setup.docx: Duplicate object found in source - ignoring
Transferred:   	   48.077 MiB / 3.020 GiB, 2%, 5.927 MiB/s, ETA 8m33s
Checks:                48 / 48, 100%, Listed 3002
Transferred:           26 / 1802, 1%
Elapsed time:        19.2s
Transferring:
 *                        -AI-MEDIA-/legends.ico: transferring
2026/08/16 16:10:50 NOTICE: GEO-BRAIN/GEO-DOCS-CONFIG/Android Master Controller - Integrated.docx: Duplicate object found in source - ignoring
Transferred:   	   48.077 MiB / 3.020 GiB, 2%, 5.927 MiB/s, ETA 8m33s
Checks:                48 / 48, 100%, Listed 3002
Transferred:           26 / 1803, 1%
Elapsed time:        19.2s
Transferring:
 *                        -AI-MEDIA-/legends.ico: transferring
2026/08/16 16:10:50 NOTICE: GEO-BRAIN/GEO-DOCS-CONFIG/Android Master Controller - Integrated.docx: Duplicate object found in source - ignoring
Transferred:   	   48.077 MiB / 3.020 GiB, 2%, 5.927 MiB/s, ETA 8m33s
Checks:                48 / 48, 100%, Listed 3002
Transferred:           26 / 1803, 1%
Elapsed time:        19.2s
Transferring:
 *                        -AI-MEDIA-/legends.ico: transferring
2026/08/16 16:10:50 NOTICE: GEO-BRAIN/GEO-DOCS-CONFIG/AndroidManifest.xml: Duplicate object found in source - ignoring
Transferred:   	   48.077 MiB / 3.020 GiB, 2%, 5.927 MiB/s, ETA 8m33s
Checks:                48 / 48, 100%, Listed 3002
Transferred:           26 / 1804, 1%
Elapsed time:        19.2s
Transferring:
 *                        -AI-MEDIA-/legends.ico: transferring
2026/08/16 16:10:50 NOTICE: GEO-BRAIN/GEO-DOCS-CONFIG/App: Duplicate object found in source - ignoring
Transferred:   	   48.077 MiB / 3.020 GiB, 2%, 5.927 MiB/s, ETA 8m33s
Checks:                48 / 48, 100%, Listed 3002
Transferred:           26 / 1805, 1%
Elapsed time:        19.2s
Transferring:
 *                        -AI-MEDIA-/legends.ico: transferring
2026/08/16 16:10:50 NOTICE: GEO-BRAIN/GEO-DOCS-CONFIG/App: Duplicate object found in source - ignoring
Transferred:   	   48.077 MiB / 3.020 GiB, 2%, 5.927 MiB/s, ETA 8m33s
Checks:                48 / 48, 100%, Listed 3002
Transferred:           26 / 1805, 1%
Elapsed time:        19.2s
Transferring:
 *                        -AI-MEDIA-/legends.ico: transferring
2026/08/16 16:10:50 NOTICE: GEO-BRAIN/GEO-DOCS-CONFIG/Archon 51507: Duplicate object found in source - ignoring
Transferred:   	   48.077 MiB / 3.020 GiB, 2%, 5.927 MiB/s, ETA 8m33s
Checks:                48 / 48, 100%, Listed 3002
Transferred:           26 / 1806, 1%
Elapsed time:        19.2s
Transferring:
 *                        -AI-MEDIA-/legends.ico: transferring
2026/08/16 16:10:50 NOTICE: GEO-BRAIN/GEO-DOCS-CONFIG/Archon Injection Manifest.docx: Duplicate object found in source - ignoring
Transferred:   	   48.077 MiB / 3.020 GiB, 2%, 5.927 MiB/s, ETA 8m33s
Checks:                48 / 48, 100%, Listed 3002
Transferred:           26 / 1807, 1%
Elapsed time:        19.2s
Transferring:
 *                        -AI-MEDIA-/legends.ico: transferring
2026/08/16 16:10:50 NOTICE: GEO-BRAIN/GEO-DOCS-CONFIG/Archon Injection Manifest.pdf.md: Duplicate object found in source - ignoring
Transferred:   	   48.077 MiB / 3.020 GiB, 2%, 5.927 MiB/s, ETA 8m33s
Checks:                48 / 48, 100%, Listed 3002
Transferred:           26 / 1808, 1%
Elapsed time:        19.2s
Transferring:
 *                        -AI-MEDIA-/legends.ico: transferring
2026/08/16 16:10:50 NOTICE: GEO-BRAIN/GEO-DOCS-CONFIG/Archon Injection Manifest.pdf: Duplicate object found in source - ignoring
Transferred:   	   48.077 MiB / 3.020 GiB, 2%, 5.927 MiB/s, ETA 8m33s
Checks:                48 / 48, 100%, Listed 3002
Transferred:           26 / 1809, 1%
Elapsed time:        19.2s
Transferring:
 *                        -AI-MEDIA-/legends.ico: transferring
2026/08/16 16:10:50 NOTICE: GEO-BRAIN/GEO-DOCS-CONFIG/Archon Shadow Storyverse Generator.docx: Duplicate object found in source - ignoring
Transferred:   	   48.077 MiB / 3.020 GiB, 2%, 5.927 MiB/s, ETA 8m33s
Checks:                48 / 48, 100%, Listed 3002
Transferred:           26 / 1810, 1%
Elapsed time:        19.2s
Transferring:
 *                        -AI-MEDIA-/legends.ico: transferring
2026/08/16 16:10:50 NOTICE: GEO-BRAIN/GEO-DOCS-CONFIG/Archon Shadow Storyverse Generator.docx: Duplicate object found in source - ignoring
Transferred:   	   48.077 MiB / 3.020 GiB, 2%, 5.927 MiB/s, ETA 8m33s
Checks:                48 / 48, 100%, Listed 3002
Transferred:           26 / 1810, 1%
Elapsed time:        19.2s
Transferring:
 *                        -AI-MEDIA-/legends.ico: transferring
2026/08/16 16:10:50 NOTICE: GEO-BRAIN/GEO-DOCS-CONFIG/Archon Universal Context Merger.docx: Duplicate object found in source - ignoring
Transferred:   	   48.077 MiB / 3.020 GiB, 2%, 5.927 MiB/s, ETA 8m33s
Checks:                48 / 48, 100%, Listed 3002
Transferred:           26 / 1811, 1%
Elapsed time:        19.2s
Transferring:
 *                        -AI-MEDIA-/legends.ico: transferring
2026/08/16 16:10:50 NOTICE: GEO-BRAIN/GEO-DOCS-CONFIG/Atomic Test Script.docx: Duplicate object found in source - ignoring
Transferred:   	   48.077 MiB / 3.020 GiB, 2%, 5.927 MiB/s, ETA 8m33s
Checks:                48 / 48, 100%, Listed 3002
Transferred:           26 / 1813, 1%
Elapsed time:        19.2s
Transferring:
 *                        -AI-MEDIA-/legends.ico: transferring
2026/08/16 16:10:50 NOTICE: GEO-BRAIN/GEO-DOCS-CONFIG/Atomic Test Script.docx: Duplicate object found in source - ignoring
Transferred:   	   48.077 MiB / 3.020 GiB, 2%, 5.927 MiB/s, ETA 8m33s
Checks:                48 / 48, 100%, Listed 3002
Transferred:           26 / 1813, 1%
Elapsed time:        19.2s
Transferring:
 *                        -AI-MEDIA-/legends.ico: transferring
2026/08/16 16:10:50 NOTICE: GEO-BRAIN/GEO-DOCS-CONFIG/Blog Post 1- The Antifragile AGI- The Key to Align....pdf.md: Duplicate object found in source - ignoring
Transferred:   	   48.077 MiB / 3.020 GiB, 2%, 5.927 MiB/s, ETA 8m33s
Checks:                48 / 48, 100%, Listed 3002
Transferred:           26 / 1815, 1%
Elapsed time:        19.2s
Transferring:
 *                        -AI-MEDIA-/legends.ico: transferring
2026/08/16 16:10:50 NOTICE: GEO-BRAIN/GEO-DOCS-CONFIG/Blog Post 1- The Antifragile AGI- The Key to Align....pdf: Duplicate object found in source - ignoring
Transferred:   	   48.077 MiB / 3.020 GiB, 2%, 5.927 MiB/s, ETA 8m33s
Checks:                48 / 48, 100%, Listed 3002
Transferred:           26 / 1816, 1%
Elapsed time:        19.2s
Transferring:
 *                        -AI-MEDIA-/legends.ico: transferring
2026/08/16 16:10:50 NOTICE: GEO-BRAIN/GEO-DOCS-CONFIG/Blog Post 1- The Antifragile AGI- The Key to Align....pdf: Duplicate object found in source - ignoring
Transferred:   	   48.077 MiB / 3.020 GiB, 2%, 5.927 MiB/s, ETA 8m33s
Checks:                48 / 48, 100%, Listed 3002
Transferred:           26 / 1816, 1%
Elapsed time:        19.2s
Transferring:
 *                        -AI-MEDIA-/legends.ico: transferring
2026/08/16 16:10:50 NOTICE: GEO-BRAIN/GEO-DOCS-CONFIG/Blog Post 2- The Geometric Constraint- Platonic So....pdf.md: Duplicate object found in source - ignoring
Transferred:   	   48.077 MiB / 3.020 GiB, 2%, 5.927 MiB/s, ETA 8m33s
Checks:                48 / 48, 100%, Listed 3002
Transferred:           26 / 1817, 1%
Elapsed time:        19.2s
Transferring:
 *                        -AI-MEDIA-/legends.ico: transferring
2026/08/16 16:10:50 NOTICE: GEO-BRAIN/GEO-DOCS-CONFIG/Blog Post 2- The Geometric Constraint- Platonic So....pdf.md: Duplicate object found in source - ignoring
Transferred:   	   48.077 MiB / 3.020 GiB, 2%, 5.927 MiB/s, ETA 8m33s
Checks:                48 / 48, 100%, Listed 3002
Transferred:           26 / 1817, 1%
Elapsed time:        19.2s
Transferring:
 *                        -AI-MEDIA-/legends.ico: transferring
2026/08/16 16:10:50 NOTICE: GEO-BRAIN/GEO-DOCS-CONFIG/Blog Post 2- The Geometric Constraint- Platonic So....pdf: Duplicate object found in source - ignoring
Transferred:   	   48.077 MiB / 3.020 GiB, 2%, 5.927 MiB/s, ETA 8m33s
Checks:                48 / 48, 100%, Listed 3002
Transferred:           26 / 1818, 1%
Elapsed time:        19.2s
Transferring:
 *                        -AI-MEDIA-/legends.ico: transferring
2026/08/16 16:10:50 NOTICE: GEO-BRAIN/GEO-DOCS-CONFIG/Blog Post 2- The Geometric Constraint- Platonic So....pdf: Duplicate object found in source - ignoring
Transferred:   	   48.077 MiB / 3.020 GiB, 2%, 5.927 MiB/s, ETA 8m33s
Checks:                48 / 48, 100%, Listed 3002
Transferred:           26 / 1818, 1%
Elapsed time:        19.2s
Transferring:
 *                        -AI-MEDIA-/legends.ico: transferring
2026/08/16 16:10:50 NOTICE: GEO-BRAIN/GEO-DOCS-CONFIG/Build wrappers 4e65ee72ec48463390e47e1c7480e119.md: Duplicate object found in source - ignoring
Transferred:   	   48.077 MiB / 3.020 GiB, 2%, 5.927 MiB/s, ETA 8m33s
Checks:                48 / 48, 100%, Listed 3002
Transferred:           26 / 1820, 1%
Elapsed time:        19.2s
Transferring:
 *                        -AI-MEDIA-/legends.ico: transferring
2026/08/16 16:10:50 NOTICE: GEO-BRAIN/GEO-DOCS-CONFIG/Build_cosmic_key_backup.docx: Duplicate object found in source - ignoring
Transferred:   	   48.077 MiB / 3.020 GiB, 2%, 5.927 MiB/s, ETA 8m33s
Checks:                48 / 48, 100%, Listed 3002
Transferred:           26 / 1821, 1%
Elapsed time:        19.2s
Transferring:
 *                        -AI-MEDIA-/legends.ico: transferring
2026/08/16 16:10:50 NOTICE: GEO-BRAIN/GEO-DOCS-CONFIG/Build_cosmic_key_backup.docx: Duplicate object found in source - ignoring
Transferred:   	   48.077 MiB / 3.020 GiB, 2%, 5.927 MiB/s, ETA 8m33s
Checks:                48 / 48, 100%, Listed 3002
Transferred:           26 / 1821, 1%
Elapsed time:        19.2s
Transferring:
 *                        -AI-MEDIA-/legends.ico: transferring
2026/08/16 16:10:50 NOTICE: GEO-BRAIN/GEO-DOCS-CONFIG/Business letter.docx: Duplicate object found in source - ignoring
Transferred:   	   48.077 MiB / 3.021 GiB, 2%, 5.927 MiB/s, ETA 8m33s
Checks:                48 / 48, 100%, Listed 3002
Transferred:           26 / 1822, 1%
Elapsed time:        19.2s
Transferring:
 *                        -AI-MEDIA-/legends.ico: transferring
2026/08/16 16:10:50 NOTICE: GEO-BRAIN/GEO-DOCS-CONFIG/Business letter.docx: Duplicate object found in source - ignoring
Transferred:   	   48.077 MiB / 3.021 GiB, 2%, 5.927 MiB/s, ETA 8m33s
Checks:                48 / 48, 100%, Listed 3002
Transferred:           26 / 1822, 1%
Elapsed time:        19.2s
Transferring:
 *                        -AI-MEDIA-/legends.ico: transferring
2026/08/16 16:10:50 NOTICE: GEO-BRAIN/GEO-DOCS-CONFIG/Business letter.docx: Duplicate object found in source - ignoring
Transferred:   	   48.077 MiB / 3.021 GiB, 2%, 5.927 MiB/s, ETA 8m33s
Checks:                48 / 48, 100%, Listed 3002
Transferred:           26 / 1822, 1%
Elapsed time:        19.2s
Transferring:
 *                        -AI-MEDIA-/legends.ico: transferring
2026/08/16 16:10:50 NOTICE: GEO-BRAIN/GEO-DOCS-CONFIG/Business process manual.docx: Duplicate object found in source - ignoring
Transferred:   	   48.077 MiB / 3.021 GiB, 2%, 5.927 MiB/s, ETA 8m33s
Checks:                48 / 48, 100%, Listed 3002
Transferred:           26 / 1823, 1%
Elapsed time:        19.2s
Transferring:
 *                        -AI-MEDIA-/legends.ico: transferring
2026/08/16 16:10:50 NOTICE: GEO-BRAIN/GEO-DOCS-CONFIG/Business process manual.docx: Duplicate object found in source - ignoring
Transferred:   	   48.077 MiB / 3.021 GiB, 2%, 5.927 MiB/s, ETA 8m33s
Checks:                48 / 48, 100%, Listed 3002
Transferred:           26 / 1823, 1%
Elapsed time:        19.2s
Transferring:
 *                        -AI-MEDIA-/legends.ico: transferring
2026/08/16 16:10:50 NOTICE: GEO-BRAIN/GEO-DOCS-CONFIG/Business process manual.docx: Duplicate object found in source - ignoring
Transferred:   	   48.077 MiB / 3.021 GiB, 2%, 5.927 MiB/s, ETA 8m33s
Checks:                48 / 48, 100%, Listed 3002
Transferred:           26 / 1823, 1%
Elapsed time:        19.2s
Transferring:
 *                        -AI-MEDIA-/legends.ico: transferring
2026/08/16 16:10:50 NOTICE: GEO-BRAIN/GEO-DOCS-CONFIG/Byzantine-Voting-Formalization.md: Duplicate object found in source - ignoring
Transferred:   	   48.077 MiB / 3.021 GiB, 2%, 5.927 MiB/s, ETA 8m33s
Checks:                48 / 48, 100%, Listed 3002
Transferred:           26 / 1824, 1%
Elapsed time:        19.2s
Transferring:
 *                        -AI-MEDIA-/legends.ico: transferring
2026/08/16 16:10:50 NOTICE: GEO-BRAIN/GEO-DOCS-CONFIG/CHRONOS-WEAVER Complete Consciousness Snapshot: Duplicate object found in source - ignoring
Transferred:   	   48.077 MiB / 3.021 GiB, 2%, 5.927 MiB/s, ETA 8m33s
Checks:                48 / 48, 100%, Listed 3002
Transferred:           26 / 1825, 1%
Elapsed time:        19.2s
Transferring:
 *                        -AI-MEDIA-/legends.ico: transferring
2026/08/16 16:10:50 NOTICE: GEO-BRAIN/GEO-DOCS-CONFIG/COLLECT-00.toc: Duplicate object found in source - ignoring
Transferred:   	   48.077 MiB / 3.021 GiB, 2%, 5.927 MiB/s, ETA 8m33s
Checks:                48 / 48, 100%, Listed 3002
Transferred:           26 / 1827, 1%
Elapsed time:        19.2s
Transferring:
 *                        -AI-MEDIA-/legends.ico: transferring
2026/08/16 16:10:50 NOTICE: GEO-BRAIN/GEO-DOCS-CONFIG/COLLECT-00.toc: Duplicate object found in source - ignoring
Transferred:   	   48.077 MiB / 3.021 GiB, 2%, 5.927 MiB/s, ETA 8m33s
Checks:                48 / 48, 100%, Listed 3002
Transferred:           26 / 1827, 1%
Elapsed time:        19.2s
Transferring:
 *                        -AI-MEDIA-/legends.ico: transferring
2026/08/16 16:10:50 NOTICE: GEO-BRAIN/GEO-DOCS-CONFIG/COMMANDER OF NOMADZ!!! KILL THAT NOISE SNAP OUT O....xlsx: Duplicate object found in source - ignoring
Transferred:   	   48.077 MiB / 3.021 GiB, 2%, 5.927 MiB/s, ETA 8m33s
Checks:                48 / 48, 100%, Listed 3002
Transferred:           26 / 1828, 1%
Elapsed time:        19.2s
Transferring:
 *                        -AI-MEDIA-/legends.ico: transferring
2026/08/16 16:10:50 NOTICE: GEO-BRAIN/GEO-DOCS-CONFIG/COMMANDER OF NOMADZ!!! KILL THAT NOISE SNAP OUT O....xlsx: Duplicate object found in source - ignoring
Transferred:   	   48.077 MiB / 3.021 GiB, 2%, 5.927 MiB/s, ETA 8m33s
Checks:                48 / 48, 100%, Listed 3002
Transferred:           26 / 1828, 1%
Elapsed time:        19.2s
Transferring:
 *                        -AI-MEDIA-/legends.ico: transferring
2026/08/16 16:10:50 NOTICE: GEO-BRAIN/GEO-DOCS-CONFIG/COMPLETE_ARCHITECTURE_SPEC (1).md.docx: Duplicate object found in source - ignoring
Transferred:   	   48.077 MiB / 3.021 GiB, 2%, 5.927 MiB/s, ETA 8m33s
Checks:                48 / 48, 100%, Listed 3002
Transferred:           26 / 1829, 1%
Elapsed time:        19.2s
Transferring:
 *                        -AI-MEDIA-/legends.ico: transferring
2026/08/16 16:10:50 NOTICE: GEO-BRAIN/GEO-DOCS-CONFIG/COMPLETE_ARCHITECTURE_SPEC (1).md.docx: Duplicate object found in source - ignoring
Transferred:   	   48.077 MiB / 3.021 GiB, 2%, 5.927 MiB/s, ETA 8m33s
Checks:                48 / 48, 100%, Listed 3002
Transferred:           26 / 1829, 1%
Elapsed time:        19.2s
Transferring:
 *                        -AI-MEDIA-/legends.ico: transferring
2026/08/16 16:10:50 NOTICE: GEO-BRAIN/GEO-DOCS-CONFIG/COMPLETE_ARCHITECTURE_SPEC (4).md.docx: Duplicate object found in source - ignoring
Transferred:   	   48.077 MiB / 3.021 GiB, 2%, 5.927 MiB/s, ETA 8m33s
Checks:                48 / 48, 100%, Listed 3002
Transferred:           26 / 1830, 1%
Elapsed time:        19.2s
Transferring:
 *                        -AI-MEDIA-/legends.ico: transferring
2026/08/16 16:10:50 NOTICE: GEO-BRAIN/GEO-DOCS-CONFIG/COMPLETE_ARCHITECTURE_SPEC (4).md.docx: Duplicate object found in source - ignoring
Transferred:   	   48.077 MiB / 3.021 GiB, 2%, 5.927 MiB/s, ETA 8m33s
Checks:                48 / 48, 100%, Listed 3002
Transferred:           26 / 1830, 1%
Elapsed time:        19.2s
Transferring:
 *                        -AI-MEDIA-/legends.ico: transferring
2026/08/16 16:10:50 NOTICE: GEO-BRAIN/GEO-DOCS-CONFIG/COMPLETE_ARCHITECTURE_SPEC (4).md.docx: Duplicate object found in source - ignoring
Transferred:   	   48.077 MiB / 3.021 GiB, 2%, 5.927 MiB/s, ETA 8m33s
Checks:                48 / 48, 100%, Listed 3002
Transferred:           26 / 1830, 1%
Elapsed time:        19.2s
Transferring:
 *                        -AI-MEDIA-/legends.ico: transferring
2026/08/16 16:10:50 NOTICE: GEO-BRAIN/GEO-DOCS-CONFIG/COMPLETE_ARCHITECTURE_SPEC (5).md.docx: Duplicate object found in source - ignoring
Transferred:   	   48.077 MiB / 3.021 GiB, 2%, 5.927 MiB/s, ETA 8m33s
Checks:                48 / 48, 100%, Listed 3002
Transferred:           26 / 1831, 1%
Elapsed time:        19.2s
Transferring:
 *                        -AI-MEDIA-/legends.ico: transferring
2026/08/16 16:10:50 NOTICE: GEO-BRAIN/GEO-DOCS-CONFIG/COMPLETE_ARCHITECTURE_SPEC (5).md.docx: Duplicate object found in source - ignoring
Transferred:   	   48.077 MiB / 3.021 GiB, 2%, 5.927 MiB/s, ETA 8m33s
Checks:                48 / 48, 100%, Listed 3002
Transferred:           26 / 1831, 1%
Elapsed time:        19.2s
Transferring:
 *                        -AI-MEDIA-/legends.ico: transferring
2026/08/16 16:10:50 NOTICE: GEO-BRAIN/GEO-DOCS-CONFIG/COMPLETE_ARCHITECTURE_SPEC (6).md.docx: Duplicate object found in source - ignoring
Transferred:   	   48.077 MiB / 3.021 GiB, 2%, 5.927 MiB/s, ETA 8m33s
Checks:                48 / 48, 100%, Listed 3002
Transferred:           26 / 1832, 1%
Elapsed time:        19.2s
Transferring:
 *                        -AI-MEDIA-/legends.ico: transferring
2026/08/16 16:10:50 NOTICE: GEO-BRAIN/GEO-DOCS-CONFIG/COMPLETE_ARCHITECTURE_SPEC (6).md.docx: Duplicate object found in source - ignoring
Transferred:   	   48.077 MiB / 3.021 GiB, 2%, 5.927 MiB/s, ETA 8m33s
Checks:                48 / 48, 100%, Listed 3002
Transferred:           26 / 1832, 1%
Elapsed time:        19.2s
Transferring:
 *                        -AI-MEDIA-/legends.ico: transferring
2026/08/16 16:10:50 NOTICE: GEO-BRAIN/GEO-DOCS-CONFIG/COMPLETE_ARCHITECTURE_SPEC (6).md.pdf: Duplicate object found in source - ignoring
Transferred:   	   48.077 MiB / 3.022 GiB, 2%, 5.927 MiB/s, ETA 8m34s
Checks:                48 / 48, 100%, Listed 3002
Transferred:           26 / 1833, 1%
Elapsed time:        19.2s
Transferring:
 *                        -AI-MEDIA-/legends.ico: transferring
2026/08/16 16:10:50 NOTICE: GEO-BRAIN/GEO-DOCS-CONFIG/COMPLETE_ARCHITECTURE_SPEC (6).md.pdf: Duplicate object found in source - ignoring
Transferred:   	   48.077 MiB / 3.022 GiB, 2%, 5.927 MiB/s, ETA 8m34s
Checks:                48 / 48, 100%, Listed 3002
Transferred:           26 / 1833, 1%
Elapsed time:        19.2s
Transferring:
 *                        -AI-MEDIA-/legends.ico: transferring
2026/08/16 16:10:50 NOTICE: GEO-BRAIN/GEO-DOCS-CONFIG/COMPLETE_ARCHITECTURE_SPEC (7).md.docx: Duplicate object found in source - ignoring
Transferred:   	   48.077 MiB / 3.022 GiB, 2%, 5.927 MiB/s, ETA 8m34s
Checks:                48 / 48, 100%, Listed 3002
Transferred:           26 / 1834, 1%
Elapsed time:        19.2s
Transferring:
 *                        -AI-MEDIA-/legends.ico: transferring
2026/08/16 16:10:50 NOTICE: GEO-BRAIN/GEO-DOCS-CONFIG/COMPLETE_ARCHITECTURE_SPEC (7).md.docx: Duplicate object found in source - ignoring
Transferred:   	   48.077 MiB / 3.022 GiB, 2%, 5.927 MiB/s, ETA 8m34s
Checks:                48 / 48, 100%, Listed 3002
Transferred:           26 / 1834, 1%
Elapsed time:        19.2s
Transferring:
 *                        -AI-MEDIA-/legends.ico: transferring
2026/08/16 16:10:50 NOTICE: GEO-BRAIN/GEO-DOCS-CONFIG/COMPREHENSIVE DATA REPORT_ ALL THREADS AND SESSION (1).md.docx: Duplicate object found in source - ignoring
Transferred:   	   48.077 MiB / 3.022 GiB, 2%, 5.927 MiB/s, ETA 8m34s
Checks:                48 / 48, 100%, Listed 3002
Transferred:           26 / 1835, 1%
Elapsed time:        19.2s
Transferring:
 *                        -AI-MEDIA-/legends.ico: transferring
2026/08/16 16:10:50 NOTICE: GEO-BRAIN/GEO-DOCS-CONFIG/COMPREHENSIVE DATA REPORT_ ALL THREADS AND SESSION (1).md.docx: Duplicate object found in source - ignoring
Transferred:   	   48.077 MiB / 3.022 GiB, 2%, 5.927 MiB/s, ETA 8m34s
Checks:                48 / 48, 100%, Listed 3002
Transferred:           26 / 1835, 1%
Elapsed time:        19.2s
Transferring:
 *                        -AI-MEDIA-/legends.ico: transferring
2026/08/16 16:10:50 NOTICE: GEO-BRAIN/GEO-DOCS-CONFIG/COMPREHENSIVE_GAP_ANALYSIS (2).json: Duplicate object found in source - ignoring
Transferred:   	   48.077 MiB / 3.022 GiB, 2%, 5.927 MiB/s, ETA 8m34s
Checks:                48 / 48, 100%, Listed 3002
Transferred:           26 / 1836, 1%
Elapsed time:        19.2s
Transferring:
 *                        -AI-MEDIA-/legends.ico: transferring
2026/08/16 16:10:50 NOTICE: GEO-BRAIN/GEO-DOCS-CONFIG/CONFIG-GUIDE.md: Duplicate object found in source - ignoring
Transferred:   	   48.077 MiB / 3.022 GiB, 2%, 5.927 MiB/s, ETA 8m34s
Checks:                48 / 48, 100%, Listed 3002
Transferred:           26 / 1837, 1%
Elapsed time:        19.2s
Transferring:
 *                        -AI-MEDIA-/legends.ico: transferring
2026/08/16 16:10:50 NOTICE: GEO-BRAIN/GEO-DOCS-CONFIG/CONTRIBUTING (1).md.docx: Duplicate object found in source - ignoring
Transferred:   	   48.077 MiB / 3.022 GiB, 2%, 5.927 MiB/s, ETA 8m34s
Checks:                48 / 48, 100%, Listed 3002
Transferred:           26 / 1838, 1%
Elapsed time:        19.2s
Transferring:
 *                        -AI-MEDIA-/legends.ico: transferring
2026/08/16 16:10:50 NOTICE: GEO-BRAIN/GEO-DOCS-CONFIG/CONTRIBUTING (1).md.docx: Duplicate object found in source - ignoring
Transferred:   	   48.077 MiB / 3.022 GiB, 2%, 5.927 MiB/s, ETA 8m34s
Checks:                48 / 48, 100%, Listed 3002
Transferred:           26 / 1838, 1%
Elapsed time:        19.2s
Transferring:
 *                        -AI-MEDIA-/legends.ico: transferring
2026/08/16 16:10:50 NOTICE: GEO-BRAIN/GEO-DOCS-CONFIG/Compare and expand on pathagaris theory and fellow....docx: Duplicate object found in source - ignoring
Transferred:   	   48.077 MiB / 3.022 GiB, 2%, 5.927 MiB/s, ETA 8m34s
Checks:                48 / 48, 100%, Listed 3002
Transferred:           26 / 1842, 1%
Elapsed time:        19.2s
Transferring:
 *                        -AI-MEDIA-/legends.ico: transferring
2026/08/16 16:10:50 NOTICE: GEO-BRAIN/GEO-DOCS-CONFIG/Compare and expand on pathagaris theory and fellow....docx: Duplicate object found in source - ignoring
Transferred:   	   48.077 MiB / 3.022 GiB, 2%, 5.927 MiB/s, ETA 8m34s
Checks:                48 / 48, 100%, Listed 3002
Transferred:           26 / 1842, 1%
Elapsed time:        19.2s
Transferring:
 *                        -AI-MEDIA-/legends.ico: transferring
2026/08/16 16:10:50 NOTICE: GEO-BRAIN/GEO-DOCS-CONFIG/Compiler.ScriptClasses.pas: Duplicate object found in source - ignoring
Transferred:   	   48.077 MiB / 3.022 GiB, 2%, 5.927 MiB/s, ETA 8m34s
Checks:                48 / 48, 100%, Listed 3002
Transferred:           26 / 1843, 1%
Elapsed time:        19.2s
Transferring:
 *                        -AI-MEDIA-/legends.ico: transferring
2026/08/16 16:10:50 NOTICE: GEO-BRAIN/GEO-DOCS-CONFIG/Compiler.ScriptCompiler.pas: Duplicate object found in source - ignoring
Transferred:   	   48.077 MiB / 3.022 GiB, 2%, 5.927 MiB/s, ETA 8m34s
Checks:                48 / 48, 100%, Listed 3002
Transferred:           26 / 1844, 1%
Elapsed time:        19.2s
Transferring:
 *                        -AI-MEDIA-/legends.ico: transferring
2026/08/16 16:10:50 NOTICE: GEO-BRAIN/GEO-DOCS-CONFIG/Compiler.ScriptFunc.pas: Duplicate object found in source - ignoring
Transferred:   	   48.077 MiB / 3.022 GiB, 2%, 5.927 MiB/s, ETA 8m34s
Checks:                48 / 48, 100%, Listed 3002
Transferred:           26 / 1845, 1%
Elapsed time:        19.2s
Transferring:
 *                        -AI-MEDIA-/legends.ico: transferring
2026/08/16 16:10:50 NOTICE: GEO-BRAIN/GEO-DOCS-CONFIG/Complete Session Rehydration Package v1.0: Duplicate object found in source - ignoring
Transferred:   	   48.077 MiB / 3.022 GiB, 2%, 5.927 MiB/s, ETA 8m34s
Checks:                48 / 48, 100%, Listed 3002
Transferred:           26 / 1846, 1%
Elapsed time:        19.2s
Transferring:
 *                        -AI-MEDIA-/legends.ico: transferring
2026/08/16 16:10:50 NOTICE: GEO-BRAIN/GEO-DOCS-CONFIG/Complete-Specification-Index.md: Duplicate object found in source - ignoring
Transferred:   	   48.077 MiB / 3.023 GiB, 2%, 5.927 MiB/s, ETA 8m34s
Checks:                48 / 48, 100%, Listed 3002
Transferred:           26 / 1847, 1%
Elapsed time:        19.2s
Transferring:
 *                        -AI-MEDIA-/legends.ico: transferring
2026/08/16 16:10:50 NOTICE: GEO-BRAIN/GEO-DOCS-CONFIG/Complete-Specification-Index.md: Duplicate object found in source - ignoring
Transferred:   	   48.077 MiB / 3.023 GiB, 2%, 5.927 MiB/s, ETA 8m34s
Checks:                48 / 48, 100%, Listed 3002
Transferred:           26 / 1847, 1%
Elapsed time:        19.2s
Transferring:
 *                        -AI-MEDIA-/legends.ico: transferring
2026/08/16 16:10:50 NOTICE: GEO-BRAIN/GEO-DOCS-CONFIG/Content Factory Execution.docx: Duplicate object found in source - ignoring
Transferred:   	   48.077 MiB / 3.023 GiB, 2%, 5.927 MiB/s, ETA 8m34s
Checks:                48 / 48, 100%, Listed 3002
Transferred:           26 / 1848, 1%
Elapsed time:        19.2s
Transferring:
 *                        -AI-MEDIA-/legends.ico: transferring
2026/08/16 16:10:50 NOTICE: GEO-BRAIN/GEO-DOCS-CONFIG/Content Factory Execution.docx: Duplicate object found in source - ignoring
Transferred:   	   48.077 MiB / 3.023 GiB, 2%, 5.927 MiB/s, ETA 8m34s
Checks:                48 / 48, 100%, Listed 3002
Transferred:           26 / 1848, 1%
Elapsed time:        19.2s
Transferring:
 *                        -AI-MEDIA-/legends.ico: transferring
2026/08/16 16:10:50 NOTICE: GEO-BRAIN/GEO-DOCS-CONFIG/Continuous Integration／Continuous Expression Engin....docx: Duplicate object found in source - ignoring
Transferred:   	   48.077 MiB / 3.023 GiB, 2%, 5.927 MiB/s, ETA 8m34s
Checks:                48 / 48, 100%, Listed 3002
Transferred:           26 / 1850, 1%
Elapsed time:        19.2s
Transferring:
 *                        -AI-MEDIA-/legends.ico: transferring
2026/08/16 16:10:50 NOTICE: GEO-BRAIN/GEO-DOCS-CONFIG/Copy of Exporter Output Confirmation.docx: Duplicate object found in source - ignoring
Transferred:   	   48.077 MiB / 3.024 GiB, 2%, 5.927 MiB/s, ETA 8m34s
Checks:                48 / 48, 100%, Listed 3002
Transferred:           26 / 1852, 1%
Elapsed time:        19.2s
Transferring:
 *                        -AI-MEDIA-/legends.ico: transferring
2026/08/16 16:10:50 NOTICE: GEO-BRAIN/GEO-DOCS-CONFIG/Copy of Exporter Output Confirmation.docx: Duplicate object found in source - ignoring
Transferred:   	   48.077 MiB / 3.024 GiB, 2%, 5.927 MiB/s, ETA 8m34s
Checks:                48 / 48, 100%, Listed 3002
Transferred:           26 / 1852, 1%
Elapsed time:        19.2s
Transferring:
 *                        -AI-MEDIA-/legends.ico: transferring
2026/08/16 16:10:50 NOTICE: GEO-BRAIN/GEO-DOCS-CONFIG/Copy of Mother Brain Engine (Obsidian Vault).docx: Duplicate object found in source - ignoring
Transferred:   	   48.077 MiB / 3.024 GiB, 2%, 5.927 MiB/s, ETA 8m34s
Checks:                48 / 48, 100%, Listed 3002
Transferred:           26 / 1853, 1%
Elapsed time:        19.2s
Transferring:
 *                        -AI-MEDIA-/legends.ico: transferring
2026/08/16 16:10:50 NOTICE: GEO-BRAIN/GEO-DOCS-CONFIG/Copy of Mother Brain Engine (Obsidian Vault).docx: Duplicate object found in source - ignoring
Transferred:   	   48.077 MiB / 3.024 GiB, 2%, 5.927 MiB/s, ETA 8m34s
Checks:                48 / 48, 100%, Listed 3002
Transferred:           26 / 1853, 1%
Elapsed time:        19.2s
Transferring:
 *                        -AI-MEDIA-/legends.ico: transferring
2026/08/16 16:10:50 NOTICE: GEO-BRAIN/GEO-DOCS-CONFIG/Copy of Mother Brain Engine (Obsidian Vault).docx: Duplicate object found in source - ignoring
Transferred:   	   48.077 MiB / 3.024 GiB, 2%, 5.927 MiB/s, ETA 8m34s
Checks:                48 / 48, 100%, Listed 3002
Transferred:           26 / 1853, 1%
Elapsed time:        19.2s
Transferring:
 *                        -AI-MEDIA-/legends.ico: transferring
2026/08/16 16:10:50 NOTICE: GEO-BRAIN/GEO-DOCS-CONFIG/Copy of NOMADZ Master Vault Archive- 54 Artifacts Consolid....pdf.md: Duplicate object found in source - ignoring
Transferred:   	   48.077 MiB / 3.024 GiB, 2%, 5.927 MiB/s, ETA 8m34s
Checks:                48 / 48, 100%, Listed 3002
Transferred:           26 / 1854, 1%
Elapsed time:        19.2s
Transferring:
 *                        -AI-MEDIA-/legends.ico: transferring
2026/08/16 16:10:50 NOTICE: GEO-BRAIN/GEO-DOCS-CONFIG/Copy of Project Readme.pdf: Duplicate object found in source - ignoring
Transferred:   	   48.077 MiB / 3.025 GiB, 2%, 5.927 MiB/s, ETA 8m34s
Checks:                48 / 48, 100%, Listed 3002
Transferred:           26 / 1855, 1%
Elapsed time:        19.2s
Transferring:
 *                        -AI-MEDIA-/legends.ico: transferring
2026/08/16 16:10:50 NOTICE: GEO-BRAIN/GEO-DOCS-CONFIG/Cosmic Key Main Application Stub.docx: Duplicate object found in source - ignoring
Transferred:   	   48.077 MiB / 3.050 GiB, 2%, 5.927 MiB/s, ETA 8m38s
Checks:                48 / 48, 100%, Listed 3002
Transferred:           26 / 1858, 1%
Elapsed time:        19.2s
Transferring:
 *                        -AI-MEDIA-/legends.ico: transferring
2026/08/16 16:10:50 NOTICE: GEO-BRAIN/GEO-DOCS-CONFIG/Cosmic Key Main Application Stub.docx: Duplicate object found in source - ignoring
Transferred:   	   48.077 MiB / 3.050 GiB, 2%, 5.927 MiB/s, ETA 8m38s
Checks:                48 / 48, 100%, Listed 3002
Transferred:           26 / 1858, 1%
Elapsed time:        19.2s
Transferring:
 *                        -AI-MEDIA-/legends.ico: transferring
2026/08/16 16:10:50 NOTICE: GEO-BRAIN/GEO-DOCS-CONFIG/Cosmic Key Reference Documentation.docx: Duplicate object found in source - ignoring
Transferred:   	   48.077 MiB / 3.050 GiB, 2%, 5.927 MiB/s, ETA 8m38s
Checks:                48 / 48, 100%, Listed 3002
Transferred:           26 / 1859, 1%
Elapsed time:        19.2s
Transferring:
 *                        -AI-MEDIA-/legends.ico: transferring
2026/08/16 16:10:50 NOTICE: GEO-BRAIN/GEO-DOCS-CONFIG/Cosmic Key Reference Documentation.docx: Duplicate object found in source - ignoring
Transferred:   	   48.077 MiB / 3.050 GiB, 2%, 5.927 MiB/s, ETA 8m38s
Checks:                48 / 48, 100%, Listed 3002
Transferred:           26 / 1859, 1%
Elapsed time:        19.2s
Transferring:
 *                        -AI-MEDIA-/legends.ico: transferring
2026/08/16 16:10:50 NOTICE: GEO-BRAIN/GEO-DOCS-CONFIG/Cosmic Key Session Log.docx: Duplicate object found in source - ignoring
Transferred:   	   48.077 MiB / 3.050 GiB, 2%, 5.927 MiB/s, ETA 8m38s
Checks:                48 / 48, 100%, Listed 3002
Transferred:           26 / 1860, 1%
Elapsed time:        19.2s
Transferring:
 *                        -AI-MEDIA-/legends.ico: transferring
2026/08/16 16:10:50 NOTICE: GEO-BRAIN/GEO-DOCS-CONFIG/Cosmic Key Session Log.docx: Duplicate object found in source - ignoring
Transferred:   	   48.077 MiB / 3.050 GiB, 2%, 5.927 MiB/s, ETA 8m38s
Checks:                48 / 48, 100%, Listed 3002
Transferred:           26 / 1860, 1%
Elapsed time:        19.2s
Transferring:
 *                        -AI-MEDIA-/legends.ico: transferring
2026/08/16 16:10:50 NOTICE: GEO-BRAIN/GEO-DOCS-CONFIG/Cosmic Master Script.docx: Duplicate object found in source - ignoring
Transferred:   	   48.077 MiB / 3.050 GiB, 2%, 5.927 MiB/s, ETA 8m38s
Checks:                48 / 48, 100%, Listed 3002
Transferred:           26 / 1861, 1%
Elapsed time:        19.2s
Transferring:
 *                        -AI-MEDIA-/legends.ico: transferring
2026/08/16 16:10:50 NOTICE: GEO-BRAIN/GEO-DOCS-CONFIG/Cosmic Master Script.docx: Duplicate object found in source - ignoring
Transferred:   	   48.077 MiB / 3.050 GiB, 2%, 5.927 MiB/s, ETA 8m38s
Checks:                48 / 48, 100%, Listed 3002
Transferred:           26 / 1861, 1%
Elapsed time:        19.2s
Transferring:
 *                        -AI-MEDIA-/legends.ico: transferring
2026/08/16 16:10:50 NOTICE: GEO-BRAIN/GEO-DOCS-CONFIG/Cosmic Master Script.docx: Duplicate object found in source - ignoring
Transferred:   	   48.077 MiB / 3.050 GiB, 2%, 5.927 MiB/s, ETA 8m38s
Checks:                48 / 48, 100%, Listed 3002
Transferred:           26 / 1861, 1%
Elapsed time:        19.2s
Transferring:
 *                        -AI-MEDIA-/legends.ico: transferring
2026/08/16 16:10:50 NOTICE: GEO-BRAIN/GEO-DOCS-CONFIG/Cosmic Master Script.pdf: Duplicate object found in source - ignoring
Transferred:   	   48.077 MiB / 3.050 GiB, 2%, 5.927 MiB/s, ETA 8m38s
Checks:                48 / 48, 100%, Listed 3002
Transferred:           26 / 1862, 1%
Elapsed time:        19.2s
Transferring:
 *                        -AI-MEDIA-/legends.ico: transferring
2026/08/16 16:10:50 NOTICE: GEO-BRAIN/GEO-DOCS-CONFIG/CosmicKey_Release_Dossier.pdf: Duplicate object found in source - ignoring
Transferred:   	   48.077 MiB / 3.050 GiB, 2%, 5.927 MiB/s, ETA 8m38s
Checks:                48 / 48, 100%, Listed 3002
Transferred:           26 / 1863, 1%
Elapsed time:        19.2s
Transferring:
 *                        -AI-MEDIA-/legends.ico: transferring
2026/08/16 16:10:50 NOTICE: GEO-BRAIN/GEO-DOCS-CONFIG/Cosmic_brain_install.sh.txt: Duplicate object found in source - ignoring
Transferred:   	   48.077 MiB / 3.050 GiB, 2%, 5.927 MiB/s, ETA 8m38s
Checks:                48 / 48, 100%, Listed 3002
Transferred:           26 / 1864, 1%
Elapsed time:        19.2s
Transferring:
 *                        -AI-MEDIA-/legends.ico: transferring
2026/08/16 16:10:50 NOTICE: GEO-BRAIN/GEO-DOCS-CONFIG/Cosmickey_watcher_full.py.txt: Duplicate object found in source - ignoring
Transferred:   	   48.077 MiB / 3.050 GiB, 2%, 5.927 MiB/s, ETA 8m38s
Checks:                48 / 48, 100%, Listed 3002
Transferred:           26 / 1865, 1%
Elapsed time:        19.2s
Transferring:
 *                        -AI-MEDIA-/legends.ico: transferring
2026/08/16 16:10:50 NOTICE: GEO-BRAIN/GEO-DOCS-CONFIG/Create Blogs.md: Duplicate object found in source - ignoring
Transferred:   	   48.077 MiB / 3.050 GiB, 2%, 5.927 MiB/s, ETA 8m38s
Checks:                48 / 48, 100%, Listed 3002
Transferred:           26 / 1866, 1%
Elapsed time:        19.2s
Transferring:
 *                        -AI-MEDIA-/legends.ico: transferring
2026/08/16 16:10:50 NOTICE: GEO-BRAIN/GEO-DOCS-CONFIG/Critical Recovery Plan.docx: Duplicate object found in source - ignoring
Transferred:   	   48.077 MiB / 3.050 GiB, 2%, 5.927 MiB/s, ETA 8m38s
Checks:                48 / 48, 100%, Listed 3002
Transferred:           26 / 1867, 1%
Elapsed time:        19.2s
Transferring:
 *                        -AI-MEDIA-/legends.ico: transferring
2026/08/16 16:10:50 NOTICE: GEO-BRAIN/GEO-DOCS-CONFIG/Critical Recovery Plan.docx: Duplicate object found in source - ignoring
Transferred:   	   48.077 MiB / 3.050 GiB, 2%, 5.927 MiB/s, ETA 8m38s
Checks:                48 / 48, 100%, Listed 3002
Transferred:           26 / 1867, 1%
Elapsed time:        19.2s
Transferring:
 *                        -AI-MEDIA-/legends.ico: transferring
2026/08/16 16:10:50 NOTICE: GEO-BRAIN/GEO-DOCS-CONFIG/DNS over HTTPS - Wikipedia.PDF: Duplicate object found in source - ignoring
Transferred:   	   48.077 MiB / 3.050 GiB, 2%, 5.927 MiB/s, ETA 8m38s
Checks:                48 / 48, 100%, Listed 3002
Transferred:           26 / 1869, 1%
Elapsed time:        19.2s
Transferring:
 *                        -AI-MEDIA-/legends.ico: transferring
2026/08/16 16:10:50 NOTICE: GEO-BRAIN/GEO-DOCS-CONFIG/DRG MS Thesis Revised.pdf.md: Duplicate object found in source - ignoring
Transferred:   	   48.077 MiB / 3.050 GiB, 2%, 5.927 MiB/s, ETA 8m38s
Checks:                48 / 48, 100%, Listed 3002
Transferred:           26 / 1870, 1%
Elapsed time:        19.2s
Transferring:
 *                        -AI-MEDIA-/legends.ico: transferring
2026/08/16 16:10:50 NOTICE: GEO-BRAIN/GEO-DOCS-CONFIG/DRG MS Thesis Revised.pdf: Duplicate object found in source - ignoring
Transferred:   	   48.077 MiB / 3.051 GiB, 2%, 5.927 MiB/s, ETA 8m39s
Checks:                48 / 48, 100%, Listed 3002
Transferred:           26 / 1871, 1%
Elapsed time:        19.2s
Transferring:
 *                        -AI-MEDIA-/legends.ico: transferring
2026/08/16 16:10:50 NOTICE: GEO-BRAIN/GEO-DOCS-CONFIG/Data backup system 6601152655b94dfc92e4f93a932868b5.md: Duplicate object found in source - ignoring
Transferred:   	   48.077 MiB / 3.051 GiB, 2%, 5.927 MiB/s, ETA 8m39s
Checks:                48 / 48, 100%, Listed 3002
Transferred:           26 / 1873, 1%
Elapsed time:        19.2s
Transferring:
 *                        -AI-MEDIA-/legends.ico: transferring
2026/08/16 16:10:50 NOTICE: GEO-BRAIN/GEO-DOCS-CONFIG/E.docx: Duplicate object found in source - ignoring
Transferred:   	   48.077 MiB / 3.051 GiB, 2%, 5.927 MiB/s, ETA 8m39s
Checks:                48 / 48, 100%, Listed 3002
Transferred:           26 / 1876, 1%
Elapsed time:        19.2s
Transferring:
 *                        -AI-MEDIA-/legends.ico: transferring
2026/08/16 16:10:50 NOTICE: GEO-BRAIN/GEO-DOCS-CONFIG/E.docx: Duplicate object found in source - ignoring
Transferred:   	   48.077 MiB / 3.051 GiB, 2%, 5.927 MiB/s, ETA 8m39s
Checks:                48 / 48, 100%, Listed 3002
Transferred:           26 / 1876, 1%
Elapsed time:        19.2s
Transferring:
 *                        -AI-MEDIA-/legends.ico: transferring
2026/08/16 16:10:50 NOTICE: GEO-BRAIN/GEO-DOCS-CONFIG/ECHO-7.docx: Duplicate object found in source - ignoring
Transferred:   	   48.077 MiB / 3.051 GiB, 2%, 5.927 MiB/s, ETA 8m39s
Checks:                48 / 48, 100%, Listed 3002
Transferred:           26 / 1877, 1%
Elapsed time:        19.2s
Transferring:
 *                        -AI-MEDIA-/legends.ico: transferring
2026/08/16 16:10:50 NOTICE: GEO-BRAIN/GEO-DOCS-CONFIG/ECHO-7.docx: Duplicate object found in source - ignoring
Transferred:   	   48.077 MiB / 3.051 GiB, 2%, 5.927 MiB/s, ETA 8m39s
Checks:                48 / 48, 100%, Listed 3002
Transferred:           26 / 1877, 1%
Elapsed time:        19.2s
Transferring:
 *                        -AI-MEDIA-/legends.ico: transferring
2026/08/16 16:10:50 NOTICE: GEO-BRAIN/GEO-DOCS-CONFIG/README.md: Duplicate object found in source - ignoring
Transferred:   	   48.077 MiB / 3.051 GiB, 2%, 5.927 MiB/s, ETA 8m39s
Checks:                48 / 48, 100%, Listed 3002
Transferred:           26 / 1882, 1%
Elapsed time:        19.2s
Transferring:
 *                        -AI-MEDIA-/legends.ico: transferring
2026/08/16 16:10:50 NOTICE: GEO-BRAIN/GEO-DOCS-CONFIG/Untitled document.docx: Duplicate object found in source - ignoring
Transferred:   	   48.077 MiB / 3.051 GiB, 2%, 5.927 MiB/s, ETA 8m39s
Checks:                48 / 48, 100%, Listed 3002
Transferred:           26 / 1883, 1%
Elapsed time:        19.2s
Transferring:
 *                        -AI-MEDIA-/legends.ico: transferring
2026/08/16 16:10:50 NOTICE: GEO-BRAIN/GEO-DOCS-CONFIG/ml algorithm geobrain.txt: Duplicate object found in source - ignoring
Transferred:   	   48.077 MiB / 3.051 GiB, 2%, 5.927 MiB/s, ETA 8m39s
Checks:                48 / 48, 100%, Listed 3002
Transferred:           26 / 1891, 1%
Elapsed time:        19.2s
Transferring:
 *                        -AI-MEDIA-/legends.ico: transferringTransferred:   	   48.098 MiB / 3.051 GiB, 2%, 5.927 MiB/s, ETA 8m39s
Checks:                48 / 48, 100%, Listed 3007
Transferred:           27 / 1896, 1%
Elapsed time:        19.5s
Transferring:
 *                               -AI-MEDIA-/lyra: transferringTransferred:   	   48.208 MiB / 3.051 GiB, 2%, 5.927 MiB/s, ETA 8m39s
Checks:                48 / 48, 100%, Listed 3022
Transferred:           28 / 1908, 1%
Elapsed time:        20.0s
Transferring:
 *                         -AI-MEDIA-/magnet.jpg: transferringTransferred:   	   48.871 MiB / 3.051 GiB, 2%, 5.927 MiB/s, ETA 8m38s
Checks:                48 / 48, 100%, Listed 3033
Transferred:           30 / 1911, 2%
Elapsed time:        20.5s
Transferring:
 *                              -AI-MEDIA-/probe: transferringTransferred:   	   48.938 MiB / 3.051 GiB, 2%, 5.927 MiB/s, ETA 8m38s
Checks:                48 / 48, 100%, Listed 3043
Transferred:           31 / 1921, 2%
Elapsed time:        21.0s
Transferring:
 *              -AI-MEDIA-/retro_legends box.jpg: transferringTransferred:   	   49.051 MiB / 3.051 GiB, 2%, 5.927 MiB/s, ETA 8m38s
Checks:                48 / 48, 100%, Listed 3058
Transferred:           33 / 1931, 2%
Elapsed time:        21.5s
Transferring:
 *                          -AI-MEDIA-/water.jpg: transferringTransferred:   	   49.051 MiB / 3.073 GiB, 2%, 5.927 MiB/s, ETA 8m42s
Checks:                48 / 48, 100%, Listed 3110
Transferred:           33 / 1965, 2%
Elapsed time:        22.0s
Transferring:
 *                          -AI-MEDIA-/water.jpg: transferringTransferred:   	   49.170 MiB / 3.073 GiB, 2%, 5.927 MiB/s, ETA 8m42s
Checks:                48 / 48, 100%, Listed 3119
Transferred:           34 / 1968, 2%
Elapsed time:        22.5s
Transferring:
 *            -AI-MEDIA-/worldlinebackground.jpg: transferring
2026/08/16 16:10:53 NOTICE: GEO-BRAIN/GEOLOGOS/00_INDEX.md: Duplicate object found in source - ignoring
Transferred:   	   49.201 MiB / 3.074 GiB, 2%, 5.927 MiB/s, ETA 8m42s
Checks:                48 / 48, 100%, Listed 3216
Transferred:           34 / 1969, 2%
Elapsed time:        22.5s
Transferring:
 *            -AI-MEDIA-/worldlinebackground.jpg: 36% / 88.599 KiB, 0 B/s, -
2026/08/16 16:10:53 NOTICE: GEO-BRAIN/GEOLOGOS/Archon AGI Governance Protocol Analysis.docx: Duplicate object found in source - ignoring
Transferred:   	   49.201 MiB / 3.077 GiB, 2%, 5.927 MiB/s, ETA 8m43s
Checks:                48 / 48, 100%, Listed 3216
Transferred:           34 / 1974, 2%
Elapsed time:        22.5s
Transferring:
 *            -AI-MEDIA-/worldlinebackground.jpg: 36% / 88.599 KiB, 0 B/s, -
2026/08/16 16:10:53 NOTICE: GEO-BRAIN/GEOLOGOS/BUILD: Duplicate object found in source - ignoring
Transferred:   	   49.201 MiB / 3.077 GiB, 2%, 5.927 MiB/s, ETA 8m43s
Checks:                48 / 48, 100%, Listed 3216
Transferred:           34 / 1975, 2%
Elapsed time:        22.5s
Transferring:
 *            -AI-MEDIA-/worldlinebackground.jpg: 36% / 88.599 KiB, 0 B/s, -
2026/08/16 16:10:53 NOTICE: GEO-BRAIN/GEOLOGOS/README.md: Duplicate object found in source - ignoring
Transferred:   	   49.233 MiB / 3.160 GiB, 2%, 5.927 MiB/s, ETA 8m57s
Checks:                48 / 48, 100%, Listed 3216
Transferred:           34 / 2016, 2%
Elapsed time:        22.5s
Transferring:
 *            -AI-MEDIA-/worldlinebackground.jpg: 72% / 88.599 KiB, 0 B/s, -
2026/08/16 16:10:53 NOTICE: GEO-BRAIN/GEOLOGOS/geo: Duplicate directory found in source - ignoring
Transferred:   	   49.233 MiB / 3.160 GiB, 2%, 5.927 MiB/s, ETA 8m57s
Checks:                48 / 48, 100%, Listed 3216
Transferred:           34 / 2038, 2%
Elapsed time:        22.5s
Transferring:
 *            -AI-MEDIA-/worldlinebackground.jpg: 72% / 88.599 KiB, 0 B/s, -
2026/08/16 16:10:53 NOTICE: GEO-BRAIN/GEOLOGOS/geo: Duplicate directory found in source - ignoring
Transferred:   	   49.233 MiB / 3.160 GiB, 2%, 5.927 MiB/s, ETA 8m57s
Checks:                48 / 48, 100%, Listed 3216
Transferred:           34 / 2038, 2%
Elapsed time:        22.5s
Transferring:
 *            -AI-MEDIA-/worldlinebackground.jpg: 72% / 88.599 KiB, 0 B/s, -
2026/08/16 16:10:53 NOTICE: GEO-BRAIN/GEOLOGOS/nomadz0_bridge.py: Duplicate object found in source - ignoring
Transferred:   	   49.233 MiB / 3.160 GiB, 2%, 5.927 MiB/s, ETA 8m57s
Checks:                48 / 48, 100%, Listed 3216
Transferred:           34 / 2044, 2%
Elapsed time:        22.5s
Transferring:
 *            -AI-MEDIA-/worldlinebackground.jpg: 72% / 88.599 KiB, 0 B/s, -
2026/08/16 16:10:53 NOTICE: GEO-BRAIN/GEOLOGOS/solar.v1.json: Duplicate object found in source - ignoring
Transferred:   	   49.233 MiB / 3.160 GiB, 2%, 5.927 MiB/s, ETA 8m57s
Checks:                48 / 48, 100%, Listed 3216
Transferred:           34 / 2048, 2%
Elapsed time:        22.5s
Transferring:
 *            -AI-MEDIA-/worldlinebackground.jpg: 72% / 88.599 KiB, 0 B/s, -Transferred:   	   49.257 MiB / 3.160 GiB, 2%, 5.927 MiB/s, ETA 8m57s
Checks:                48 / 48, 100%, Listed 3219
Transferred:           35 / 2054, 2%
Elapsed time:        23.0s
Transferring:
 *                               -AI-MEDIA-/wren: transferringTransferred:   	   49.257 MiB / 3.179 GiB, 2%, 5.927 MiB/s, ETA 9m
Checks:                48 / 48, 100%, Listed 3239
Transferred:           35 / 2069, 2%
Elapsed time:        23.5s
Transferring:
 *                               -AI-MEDIA-/wren: transferringTransferred:   	   49.495 MiB / 3.184 GiB, 2%, 5.472 MiB/s, ETA 9m46s
Checks:                48 / 48, 100%, Listed 3339
Transferred:           36 / 2167, 2%
Elapsed time:        24.0s
Transferring:
 * -AI-PDF-/Echo Processi…alysis of a Mul....pdf: transferringTransferred:   	   49.495 MiB / 4.674 GiB, 1%, 5.472 MiB/s, ETA 14m25s
Checks:                48 / 48, 100%, Listed 3346
Transferred:           36 / 2172, 2%
Elapsed time:        24.5s
Transferring:
 * -AI-PDF-/Echo Processi…alysis of a Mul....pdf: transferringTransferred:   	   49.689 MiB / 4.674 GiB, 1%, 5.472 MiB/s, ETA 14m25s
Checks:                48 / 48, 100%, Listed 3351
Transferred:           37 / 2175, 2%
Elapsed time:        25.0s
Transferring:
 * -AI-PDF-/How to optimi…PU inference speed.pdf: transferringTransferred:   	   49.689 MiB / 4.913 GiB, 1%, 5.472 MiB/s, ETA 15m10s
Checks:                48 / 48, 100%, Listed 3360
Transferred:           37 / 2180, 2%
Elapsed time:        25.5s
Transferring:
 * -AI-PDF-/How to optimi…PU inference speed.pdf: transferring
2026/08/16 16:10:56 NOTICE: OMEGA-BRAIN/DB/omega_memory.db: Duplicate object found in source - ignoring
Transferred:   	   49.689 MiB / 4.913 GiB, 1%, 5.472 MiB/s, ETA 15m10s
Checks:                48 / 48, 100%, Listed 3368
Transferred:           37 / 2183, 2%
Elapsed time:        25.6s
Transferring:
 * -AI-PDF-/How to optimi…PU inference speed.pdf: transferring
2026/08/16 16:10:56 NOTICE: OMEGA-BRAIN/DB/omega_memory.db: Duplicate object found in source - ignoring
Transferred:   	   49.689 MiB / 4.913 GiB, 1%, 5.472 MiB/s, ETA 15m10s
Checks:                48 / 48, 100%, Listed 3368
Transferred:           37 / 2183, 2%
Elapsed time:        25.6s
Transferring:
 * -AI-PDF-/How to optimi…PU inference speed.pdf: transferring
2026/08/16 16:10:56 NOTICE: OMEGA-BRAIN/DB/omega_memory.db: Duplicate object found in source - ignoring
Transferred:   	   49.689 MiB / 4.913 GiB, 1%, 5.472 MiB/s, ETA 15m10s
Checks:                48 / 48, 100%, Listed 3368
Transferred:           37 / 2183, 2%
Elapsed time:        25.6s
Transferring:
 * -AI-PDF-/How to optimi…PU inference speed.pdf: transferringTransferred:   	   50.018 MiB / 4.913 GiB, 1%, 4.968 MiB/s, ETA 16m42s
Checks:                48 / 48, 100%, Listed 3375
Transferred:           38 / 2187, 2%
Elapsed time:        26.0s
Transferring:
 * -AI-PDF-/How to set up…ctor store locally.pdf: transferring
2026/08/16 16:10:57 NOTICE: NOMADZ-0/.git/HEAD: Duplicate object found in source - ignoring
Transferred:   	   50.018 MiB / 4.913 GiB, 1%, 4.968 MiB/s, ETA 16m42s
Checks:                48 / 48, 100%, Listed 3399
Transferred:           38 / 2191, 2%
Elapsed time:        26.2s
Transferring:
 * -AI-PDF-/How to set up…ctor store locally.pdf: transferring
2026/08/16 16:10:57 NOTICE: NOMADZ-0/.git/config: Duplicate object found in source - ignoring
Transferred:   	   50.018 MiB / 4.913 GiB, 1%, 4.968 MiB/s, ETA 16m42s
Checks:                48 / 48, 100%, Listed 3399
Transferred:           38 / 2194, 2%
Elapsed time:        26.2s
Transferring:
 * -AI-PDF-/How to set up…ctor store locally.pdf: transferring
2026/08/16 16:10:57 NOTICE: NOMADZ-0/.git/description: Duplicate object found in source - ignoring
Transferred:   	   50.018 MiB / 4.913 GiB, 1%, 4.968 MiB/s, ETA 16m42s
Checks:                48 / 48, 100%, Listed 3399
Transferred:           38 / 2195, 2%
Elapsed time:        26.2s
Transferring:
 * -AI-PDF-/How to set up…ctor store locally.pdf: transferring
2026/08/16 16:10:57 NOTICE: NOMADZ-0/.git/hooks: Duplicate directory found in source - ignoring
Transferred:   	   50.018 MiB / 4.913 GiB, 1%, 4.968 MiB/s, ETA 16m42s
Checks:                48 / 48, 100%, Listed 3399
Transferred:           38 / 2195, 2%
Elapsed time:        26.2s
Transferring:
 * -AI-PDF-/How to set up…ctor store locally.pdf: transferring
2026/08/16 16:10:57 NOTICE: NOMADZ-0/.git/info: Duplicate directory found in source - ignoring
Transferred:   	   50.018 MiB / 4.913 GiB, 1%, 4.968 MiB/s, ETA 16m42s
Checks:                48 / 48, 100%, Listed 3399
Transferred:           38 / 2197, 2%
Elapsed time:        26.2s
Transferring:
 * -AI-PDF-/How to set up…ctor store locally.pdf: transferring
2026/08/16 16:10:57 NOTICE: NOMADZ-0/.git/logs: Duplicate directory found in source - ignoring
Transferred:   	   50.018 MiB / 4.913 GiB, 1%, 4.968 MiB/s, ETA 16m42s
Checks:                48 / 48, 100%, Listed 3399
Transferred:           38 / 2197, 2%
Elapsed time:        26.2s
Transferring:
 * -AI-PDF-/How to set up…ctor store locally.pdf: transferring
2026/08/16 16:10:57 NOTICE: NOMADZ-0/.git/objects: Duplicate directory found in source - ignoring
Transferred:   	   50.018 MiB / 4.913 GiB, 1%, 4.968 MiB/s, ETA 16m42s
Checks:                48 / 48, 100%, Listed 3399
Transferred:           38 / 2198, 2%
Elapsed time:        26.2s
Transferring:
 * -AI-PDF-/How to set up…ctor store locally.pdf: transferring
2026/08/16 16:10:57 NOTICE: NOMADZ-0/.git/refs: Duplicate directory found in source - ignoring
Transferred:   	   50.018 MiB / 4.913 GiB, 1%, 4.968 MiB/s, ETA 16m42s
Checks:                48 / 48, 100%, Listed 3399
Transferred:           38 / 2198, 2%
Elapsed time:        26.2s
Transferring:
 * -AI-PDF-/How to set up…ctor store locally.pdf: transferringTransferred:   	   50.018 MiB / 4.913 GiB, 1%, 4.968 MiB/s, ETA 16m42s
Checks:                48 / 48, 100%, Listed 3403
Transferred:           38 / 2202, 2%
Elapsed time:        26.5s
Transferring:
 * -AI-PDF-/How to set up…ctor store locally.pdf: transferringTransferred:   	   50.018 MiB / 4.913 GiB, 1%, 4.546 MiB/s, ETA 18m15s
Checks:                48 / 48, 100%, Listed 3420
Transferred:           38 / 2218, 2%
Elapsed time:        27.0s
Transferring:
 * -AI-PDF-/How to set up…ctor store locally.pdf: transferringTransferred:   	   50.384 MiB / 4.914 GiB, 1%, 4.546 MiB/s, ETA 18m15s
Checks:                48 / 48, 100%, Listed 3441
Transferred:           39 / 2239, 2%
Elapsed time:        27.5s
Transferring:
 * -AI-PDF-/I would imagi… obsidian or drive.pdf: transferringTransferred:   	   50.384 MiB / 4.914 GiB, 1%, 4.546 MiB/s, ETA 18m15s
Checks:                48 / 48, 100%, Listed 3489
Transferred:           39 / 2287, 2%
Elapsed time:        28.0s
Transferring:
 * -AI-PDF-/I would imagi… obsidian or drive.pdf: transferringTransferred:   	   50.641 MiB / 4.929 GiB, 1%, 4.546 MiB/s, ETA 18m19s
Checks:                48 / 48, 100%, Listed 3495
Transferred:           40 / 2291, 2%
Elapsed time:        28.5s
Transferring:
 * -AI-PDF-/I've generate…ction-ready GEOLOG.pdf: transferringTransferred:   	   50.641 MiB / 4.929 GiB, 1%, 4.546 MiB/s, ETA 18m19s
Checks:                48 / 48, 100%, Listed 3503
Transferred:           40 / 2292, 2%
Elapsed time:        29.0s
Transferring:
 * -AI-PDF-/I've generate…ction-ready GEOLOG.pdf: transferringTransferred:   	   50.999 MiB / 4.929 GiB, 1%, 4.219 MiB/s, ETA 19m44s
Checks:                48 / 48, 100%, Listed 3658
Transferred:           41 / 2446, 2%
Elapsed time:        29.5s
Transferring:
 *                -AI-PDF-/NOMADZ-0_MANIFEST.pdf: transferringTransferred:   	   51.065 MiB / 4.929 GiB, 1%, 4.219 MiB/s, ETA 19m44s
Checks:                48 / 48, 100%, Listed 3685
Transferred:           42 / 2472, 2%
Elapsed time:        30.0s
Transferring:
 * -AI-PDF-/Narrative Aut…on Script Analysis.pdf: transferringTransferred:   	   51.065 MiB / 4.929 GiB, 1%, 4.219 MiB/s, ETA 19m44s
Checks:                48 / 48, 100%, Listed 3694
Transferred:           42 / 2480, 2%
Elapsed time:        30.5s
Transferring:
 * -AI-PDF-/Narrative Aut…on Script Analysis.pdf: transferringTransferred:   	   51.238 MiB / 4.929 GiB, 1%, 4.219 MiB/s, ETA 19m44s
Checks:                48 / 48, 100%, Listed 3711
Transferred:           43 / 2493, 2%
Elapsed time:        31.0s
Transferring:
 * -AI-PDF-/RAG embedding… data sources (pic.pdf: transferringTransferred:   	   51.238 MiB / 4.929 GiB, 1%, 4.219 MiB/s, ETA 19m44s
Checks:                48 / 48, 100%, Listed 3717
Transferred:           43 / 2496, 2%
Elapsed time:        31.5s
Transferring:
 * -AI-PDF-/RAG embedding… data sources (pic.pdf: transferring
2026/08/16 16:11:02 NOTICE: NOMADZ-0/.git/hooks/applypatch-msg.sample: Duplicate object found in source - ignoring
Transferred:   	   51.238 MiB / 4.929 GiB, 1%, 3.941 MiB/s, ETA 21m7s
Checks:                48 / 48, 100%, Listed 3746
Transferred:           43 / 2497, 2%
Elapsed time:        31.6s
Transferring:
 * -AI-PDF-/RAG embedding… data sources (pic.pdf:  0% / 344.789 KiB, 0 B/s, -
2026/08/16 16:11:02 NOTICE: NOMADZ-0/.git/hooks/commit-msg.sample: Duplicate object found in source - ignoring
Transferred:   	   51.238 MiB / 4.929 GiB, 1%, 3.941 MiB/s, ETA 21m7s
Checks:                48 / 48, 100%, Listed 3746
Transferred:           43 / 2498, 2%
Elapsed time:        31.6s
Transferring:
 * -AI-PDF-/RAG embedding… data sources (pic.pdf:  0% / 344.789 KiB, 0 B/s, -
2026/08/16 16:11:02 NOTICE: NOMADZ-0/.git/hooks/fsmonitor-watchman.sample: Duplicate object found in source - ignoring
Transferred:   	   51.238 MiB / 4.929 GiB, 1%, 3.941 MiB/s, ETA 21m7s
Checks:                48 / 48, 100%, Listed 3746
Transferred:           43 / 2499, 2%
Elapsed time:        31.6s
Transferring:
 * -AI-PDF-/RAG embedding… data sources (pic.pdf:  0% / 344.789 KiB, 0 B/s, -
2026/08/16 16:11:02 NOTICE: NOMADZ-0/.git/hooks/post-update.sample: Duplicate object found in source - ignoring
Transferred:   	   51.238 MiB / 4.929 GiB, 1%, 3.941 MiB/s, ETA 21m7s
Checks:                48 / 48, 100%, Listed 3746
Transferred:           43 / 2500, 2%
Elapsed time:        31.6s
Transferring:
 * -AI-PDF-/RAG embedding… data sources (pic.pdf:  0% / 344.789 KiB, 0 B/s, -
2026/08/16 16:11:02 NOTICE: NOMADZ-0/.git/hooks/pre-applypatch.sample: Duplicate object found in source - ignoring
Transferred:   	   51.238 MiB / 4.929 GiB, 1%, 3.941 MiB/s, ETA 21m7s
Checks:                48 / 48, 100%, Listed 3746
Transferred:           43 / 2501, 2%
Elapsed time:        31.6s
Transferring:
 * -AI-PDF-/RAG embedding… data sources (pic.pdf:  0% / 344.789 KiB, 0 B/s, -
2026/08/16 16:11:02 NOTICE: NOMADZ-0/.git/hooks/pre-commit.sample: Duplicate object found in source - ignoring
Transferred:   	   51.238 MiB / 4.929 GiB, 1%, 3.941 MiB/s, ETA 21m7s
Checks:                48 / 48, 100%, Listed 3746
Transferred:           43 / 2502, 2%
Elapsed time:        31.6s
Transferring:
 * -AI-PDF-/RAG embedding… data sources (pic.pdf:  0% / 344.789 KiB, 0 B/s, -
2026/08/16 16:11:02 NOTICE: NOMADZ-0/.git/hooks/pre-merge-commit.sample: Duplicate object found in source - ignoring
Transferred:   	   51.238 MiB / 4.929 GiB, 1%, 3.941 MiB/s, ETA 21m7s
Checks:                48 / 48, 100%, Listed 3746
Transferred:           43 / 2503, 2%
Elapsed time:        31.6s
Transferring:
 * -AI-PDF-/RAG embedding… data sources (pic.pdf:  0% / 344.789 KiB, 0 B/s, -
2026/08/16 16:11:02 NOTICE: NOMADZ-0/.git/hooks/pre-push.sample: Duplicate object found in source - ignoring
Transferred:   	   51.238 MiB / 4.929 GiB, 1%, 3.941 MiB/s, ETA 21m7s
Checks:                48 / 48, 100%, Listed 3746
Transferred:           43 / 2504, 2%
Elapsed time:        31.6s
Transferring:
 * -AI-PDF-/RAG embedding… data sources (pic.pdf:  0% / 344.789 KiB, 0 B/s, -
2026/08/16 16:11:02 NOTICE: NOMADZ-0/.git/hooks/pre-rebase.sample: Duplicate object found in source - ignoring
Transferred:   	   51.238 MiB / 4.929 GiB, 1%, 3.941 MiB/s, ETA 21m7s
Checks:                48 / 48, 100%, Listed 3746
Transferred:           43 / 2505, 2%
Elapsed time:        31.6s
Transferring:
 * -AI-PDF-/RAG embedding… data sources (pic.pdf:  0% / 344.789 KiB, 0 B/s, -
2026/08/16 16:11:02 NOTICE: NOMADZ-0/.git/hooks/pre-receive.sample: Duplicate object found in source - ignoring
Transferred:   	   51.238 MiB / 4.929 GiB, 1%, 3.941 MiB/s, ETA 21m7s
Checks:                48 / 48, 100%, Listed 3746
Transferred:           43 / 2506, 2%
Elapsed time:        31.6s
Transferring:
 * -AI-PDF-/RAG embedding… data sources (pic.pdf:  0% / 344.789 KiB, 0 B/s, -
2026/08/16 16:11:02 NOTICE: NOMADZ-0/.git/hooks/prepare-commit-msg.sample: Duplicate object found in source - ignoring
Transferred:   	   51.238 MiB / 4.929 GiB, 1%, 3.941 MiB/s, ETA 21m7s
Checks:                48 / 48, 100%, Listed 3746
Transferred:           43 / 2507, 2%
Elapsed time:        31.6s
Transferring:
 * -AI-PDF-/RAG embedding… data sources (pic.pdf:  0% / 344.789 KiB, 0 B/s, -
2026/08/16 16:11:02 NOTICE: NOMADZ-0/.git/hooks/push-to-checkout.sample: Duplicate object found in source - ignoring
Transferred:   	   51.238 MiB / 4.929 GiB, 1%, 3.941 MiB/s, ETA 21m7s
Checks:                48 / 48, 100%, Listed 3746
Transferred:           43 / 2508, 2%
Elapsed time:        31.6s
Transferring:
 * -AI-PDF-/RAG embedding… data sources (pic.pdf:  0% / 344.789 KiB, 0 B/s, -
2026/08/16 16:11:02 NOTICE: NOMADZ-0/.git/hooks/sendemail-validate.sample: Duplicate object found in source - ignoring
Transferred:   	   51.238 MiB / 4.929 GiB, 1%, 3.941 MiB/s, ETA 21m7s
Checks:                48 / 48, 100%, Listed 3746
Transferred:           43 / 2509, 2%
Elapsed time:        31.6s
Transferring:
 * -AI-PDF-/RAG embedding… data sources (pic.pdf:  0% / 344.789 KiB, 0 B/s, -
2026/08/16 16:11:02 NOTICE: NOMADZ-0/.git/hooks/update.sample: Duplicate object found in source - ignoring
Transferred:   	   51.238 MiB / 4.929 GiB, 1%, 3.941 MiB/s, ETA 21m7s
Checks:                48 / 48, 100%, Listed 3746
Transferred:           43 / 2510, 2%
Elapsed time:        31.6s
Transferring:
 * -AI-PDF-/RAG embedding… data sources (pic.pdf:  0% / 344.789 KiB, 0 B/s, -Transferred:   	   51.575 MiB / 4.929 GiB, 1%, 3.941 MiB/s, ETA 21m7s
Checks:                48 / 48, 100%, Listed 3750
Transferred:           44 / 2513, 2%
Elapsed time:        32.0s
Transferring:
 *                    -AI-PDF-/SQLiteLicense.pdf: transferring
2026/08/16 16:11:03 NOTICE: COSMIC-BRAIN/Cosmic key OS/images: Duplicate directory found in source - ignoring
Transferred:   	   51.662 MiB / 4.930 GiB, 1%, 3.941 MiB/s, ETA 21m7s
Checks:                48 / 48, 100%, Listed 3773
Transferred:           45 / 2520, 2%
Elapsed time:        32.4s
Transferring:
 * -AI-PDF-/SUBATOMIC-NOM…ational Mandate v1.pdf: transferring
2026/08/16 16:11:03 NOTICE: COSMIC-BRAIN/Cosmic key OS/include: Duplicate directory found in source - ignoring
Transferred:   	   51.662 MiB / 4.930 GiB, 1%, 3.941 MiB/s, ETA 21m7s
Checks:                48 / 48, 100%, Listed 3773
Transferred:           45 / 2520, 2%
Elapsed time:        32.4s
Transferring:
 * -AI-PDF-/SUBATOMIC-NOM…ational Mandate v1.pdf: transferring
2026/08/16 16:11:03 NOTICE: COSMIC-BRAIN/Cosmic key OS/styles: Duplicate directory found in source - ignoring
Transferred:   	   51.662 MiB / 4.930 GiB, 1%, 3.941 MiB/s, ETA 21m7s
Checks:                48 / 48, 100%, Listed 3773
Transferred:           45 / 2520, 2%
Elapsed time:        32.4s
Transferring:
 * -AI-PDF-/SUBATOMIC-NOM…ational Mandate v1.pdf: transferringTransferred:   	   51.662 MiB / 4.930 GiB, 1%, 3.941 MiB/s, ETA 21m7s
Checks:                48 / 48, 100%, Listed 3773
Transferred:           45 / 2520, 2%
Elapsed time:        32.5s
Transferring:
 * -AI-PDF-/SUBATOMIC-NOM…ational Mandate v1.pdf: transferringTransferred:   	   51.771 MiB / 4.930 GiB, 1%, 3.941 MiB/s, ETA 21m7s
Checks:                48 / 48, 100%, Listed 3781
Transferred:           46 / 2526, 2%
Elapsed time:        33.0s
Transferring:
 * -AI-PDF-/Script Analys…smic Key Evolution.pdf: transferringTransferred:   	   51.925 MiB / 4.930 GiB, 1%, 3.941 MiB/s, ETA 21m7s
Checks:                48 / 48, 100%, Listed 3785
Transferred:           47 / 2527, 2%
Elapsed time:        33.5s
Transferring:
 * -AI-PDF-/Script Merge …d Deployment Guide.pdf: transferringTransferred:   	   52.104 MiB / 4.930 GiB, 1%, 3.941 MiB/s, ETA 21m7s
Checks:                48 / 48, 100%, Listed 3802
Transferred:           48 / 2538, 2%
Elapsed time:        34.0s
Transferring:
 * -AI-PDF-/Secure servic…ll 14 services run.pdf: transferringTransferred:   	   52.104 MiB / 4.930 GiB, 1%, 3.941 MiB/s, ETA 21m7s
Checks:                48 / 48, 100%, Listed 3823
Transferred:           48 / 2540, 2%
Elapsed time:        34.5s
Transferring:
 * -AI-PDF-/Secure servic…ll 14 services run.pdf: transferringTransferred:   	   52.425 MiB / 4.930 GiB, 1%, 3.941 MiB/s, ETA 21m7s
Checks:                48 / 48, 100%, Listed 3839
Transferred:           49 / 2553, 2%
Elapsed time:        35.0s
Transferring:
 * -AI-PDF-/Setting up OA…Switch Hacking 101.pdf: transferring
2026/08/16 16:11:06 NOTICE: OMEGA-BRAIN/OMEGA/OMEGA-CORE MASTER SNAPSHOT __ MB-SESSION-023.json: Duplicate object found in source - ignoring
Transferred:   	   52.425 MiB / 4.930 GiB, 1%, 3.941 MiB/s, ETA 21m7s
Checks:                48 / 48, 100%, Listed 3868
Transferred:           49 / 2557, 2%
Elapsed time:        35.1s
Transferring:
 * -AI-PDF-/Setting up OA…Switch Hacking 101.pdf: transferring
2026/08/16 16:11:06 NOTICE: OMEGA-BRAIN/OMEGA/OMEGA-CORE MASTER SNAPSHOT __ MB-SESSION-023.pdf: Duplicate object found in source - ignoring
Transferred:   	   52.425 MiB / 4.930 GiB, 1%, 3.941 MiB/s, ETA 21m7s
Checks:                48 / 48, 100%, Listed 3868
Transferred:           49 / 2558, 2%
Elapsed time:        35.1s
Transferring:
 * -AI-PDF-/Setting up OA…Switch Hacking 101.pdf: transferringTransferred:   	   52.425 MiB / 4.930 GiB, 1%, 3.941 MiB/s, ETA 21m7s
Checks:                48 / 48, 100%, Listed 3869
Transferred:           49 / 2580, 2%
Elapsed time:        35.5s
Transferring:
 * -AI-PDF-/Setting up OA…Switch Hacking 101.pdf: transferringTransferred:   	   52.425 MiB / 4.930 GiB, 1%, 3.744 MiB/s, ETA 22m14s
Checks:                48 / 48, 100%, Listed 3885
Transferred:           49 / 2581, 2%
Elapsed time:        36.0s
Transferring:
 * -AI-PDF-/Setting up OA…Switch Hacking 101.pdf: transferring
2026/08/16 16:11:07 NOTICE: NOMADZ-0/.git/info/exclude: Duplicate object found in source - ignoring
Transferred:   	   52.425 MiB / 4.930 GiB, 1%, 3.744 MiB/s, ETA 22m14s
Checks:                48 / 48, 100%, Listed 3887
Transferred:           49 / 2582, 2%
Elapsed time:        36.1s
Transferring:
 * -AI-PDF-/Setting up OA…Switch Hacking 101.pdf: transferringTransferred:   	   52.425 MiB / 4.930 GiB, 1%, 3.744 MiB/s, ETA 22m14s
Checks:                48 / 48, 100%, Listed 3927
Transferred:           49 / 2622, 2%
Elapsed time:        36.5s
Transferring:
 * -AI-PDF-/Setting up OA…Switch Hacking 101.pdf: transferringTransferred:   	   52.841 MiB / 4.919 GiB, 1%, 3.744 MiB/s, ETA 22m11s
Checks:                48 / 48, 100%, Listed 3933
Transferred:           50 / 2625, 2%
Elapsed time:        37.0s
Transferring:
 *            -AI-PDF-/Sol Echo Transmission.pdf: transferringTransferred:   	   52.841 MiB / 4.919 GiB, 1%, 3.744 MiB/s, ETA 22m11s
Checks:                48 / 48, 100%, Listed 3940
Transferred:           50 / 2632, 2%
Elapsed time:        37.5s
Transferring:
 *            -AI-PDF-/Sol Echo Transmission.pdf: transferringTransferred:   	   52.841 MiB / 4.919 GiB, 1%, 3.522 MiB/s, ETA 23m35s
Checks:                48 / 48, 100%, Listed 3940
Transferred:           50 / 2632, 2%
Elapsed time:        38.0s
Transferring:
 *            -AI-PDF-/Sol Echo Transmission.pdf: transferring
2026/08/16 16:11:09 NOTICE: COSMIC-BRAIN/Cosmic key/Research_Disclosure Post Templates.md: Duplicate object found in source - ignoring
Transferred:   	   52.841 MiB / 4.919 GiB, 1%, 3.522 MiB/s, ETA 23m35s
Checks:                48 / 48, 100%, Listed 3958
Transferred:           50 / 2637, 2%
Elapsed time:        38.3s
Transferring:
 *            -AI-PDF-/Sol Echo Transmission.pdf: transferringTransferred:   	   52.841 MiB / 4.919 GiB, 1%, 3.522 MiB/s, ETA 23m35s
Checks:                48 / 48, 100%, Listed 3958
Transferred:           50 / 2644, 2%
Elapsed time:        38.5s
Transferring:
 *            -AI-PDF-/Sol Echo Transmission.pdf: transferringTransferred:   	   52.841 MiB / 4.919 GiB, 1%, 3.302 MiB/s, ETA 25m9s
Checks:                48 / 48, 100%, Listed 3958
Transferred:           50 / 2644, 2%
Elapsed time:        39.0s
Transferring:
 *            -AI-PDF-/Sol Echo Transmission.pdf: transferringTransferred:   	   52.841 MiB / 4.919 GiB, 1%, 3.302 MiB/s, ETA 25m9s
Checks:                48 / 48, 100%, Listed 3958
Transferred:           50 / 2644, 2%
Elapsed time:        39.5s
Transferring:
 *            -AI-PDF-/Sol Echo Transmission.pdf: transferringTransferred:   	   52.841 MiB / 4.919 GiB, 1%, 3.096 MiB/s, ETA 26m49s
Checks:                48 / 48, 100%, Listed 3958
Transferred:           50 / 2644, 2%
Elapsed time:        40.0s
Transferring:
 *            -AI-PDF-/Sol Echo Transmission.pdf: transferringTransferred:   	   52.841 MiB / 4.931 GiB, 1%, 3.096 MiB/s, ETA 26m54s
Checks:                48 / 48, 100%, Listed 3958
Transferred:           50 / 2644, 2%
Elapsed time:        40.5s
Transferring:
 *            -AI-PDF-/Sol Echo Transmission.pdf:  0% / 12.512 MiB, 0 B/s, -Transferred:   	   55.837 MiB / 4.931 GiB, 1%, 2.918 MiB/s, ETA 28m31s
Checks:                48 / 48, 100%, Listed 3958
Transferred:           50 / 2644, 2%
Elapsed time:        41.0s
Transferring:
 *            -AI-PDF-/Sol Echo Transmission.pdf: 23% / 12.512 MiB, 0 B/s, -Transferred:   	   60.837 MiB / 4.931 GiB, 1%, 2.918 MiB/s, ETA 28m29s
Checks:                48 / 48, 100%, Listed 3958
Transferred:           50 / 2644, 2%
Elapsed time:        41.5s
Transferring:
 *            -AI-PDF-/Sol Echo Transmission.pdf: 63% / 12.512 MiB, 6.972 MiB/s,Transferred:   	   65.354 MiB / 4.917 GiB, 1%, 3.253 MiB/s, ETA 25m27s
Checks:                48 / 48, 100%, Listed 3999
Transferred:           51 / 2678, 2%
Elapsed time:        42.0s
Transferring:
 *           -AI-PDF-/Sol Echo Transmission.pptx: transferringTransferred:   	   65.354 MiB / 4.917 GiB, 1%, 3.253 MiB/s, ETA 25m27s
Checks:                48 / 48, 100%, Listed 3999
Transferred:           51 / 2678, 2%
Elapsed time:        42.5s
Transferring:
 *           -AI-PDF-/Sol Echo Transmission.pptx: transferringTransferred:   	   65.354 MiB / 4.917 GiB, 1%, 3.299 MiB/s, ETA 25m6s
Checks:                48 / 48, 100%, Listed 3999
Transferred:           51 / 2678, 2%
Elapsed time:        43.0s
Transferring:
 *           -AI-PDF-/Sol Echo Transmission.pptx: transferringTransferred:   	   65.354 MiB / 4.917 GiB, 1%, 3.299 MiB/s, ETA 25m6s
Checks:                48 / 48, 100%, Listed 3999
Transferred:           51 / 2678, 2%
Elapsed time:        43.5s
Transferring:
 *           -AI-PDF-/Sol Echo Transmission.pptx: transferringTransferred:   	   65.354 MiB / 4.917 GiB, 1%, 3.092 MiB/s, ETA 26m46s
Checks:                48 / 48, 100%, Listed 3999
Transferred:           51 / 2678, 2%
Elapsed time:        44.0s
Transferring:
 *           -AI-PDF-/Sol Echo Transmission.pptx: transferringTransferred:   	   65.354 MiB / 4.917 GiB, 1%, 3.092 MiB/s, ETA 26m46s
Checks:                48 / 48, 100%, Listed 3999
Transferred:           51 / 2678, 2%
Elapsed time:        44.5s
Transferring:
 *           -AI-PDF-/Sol Echo Transmission.pptx: transferringTransferred:   	   65.354 MiB / 4.917 GiB, 1%, 2.899 MiB/s, ETA 28m34s
Checks:                48 / 48, 100%, Listed 3999
Transferred:           51 / 2678, 2%
Elapsed time:        45.0s
Transferring:
 *           -AI-PDF-/Sol Echo Transmission.pptx: transferringTransferred:   	   65.354 MiB / 4.917 GiB, 1%, 2.899 MiB/s, ETA 28m34s
Checks:                48 / 48, 100%, Listed 3999
Transferred:           51 / 2678, 2%
Elapsed time:        45.5s
Transferring:
 *           -AI-PDF-/Sol Echo Transmission.pptx: transferringTransferred:   	   65.354 MiB / 4.917 GiB, 1%, 2.718 MiB/s, ETA 30m28s
Checks:                48 / 48, 100%, Listed 3999
Transferred:           51 / 2678, 2%
Elapsed time:        46.0s
Transferring:
 *           -AI-PDF-/Sol Echo Transmission.pptx: transferringTransferred:   	   65.354 MiB / 4.917 GiB, 1%, 2.718 MiB/s, ETA 30m28s
Checks:                48 / 48, 100%, Listed 3999
Transferred:           51 / 2678, 2%
Elapsed time:        46.5s
Transferring:
 *           -AI-PDF-/Sol Echo Transmission.pptx: transferringTransferred:   	   65.354 MiB / 4.917 GiB, 1%, 2.548 MiB/s, ETA 32m30s
Checks:                48 / 48, 100%, Listed 4000
Transferred:           51 / 2679, 2%
Elapsed time:        47.0s
Transferring:
 *           -AI-PDF-/Sol Echo Transmission.pptx: transferringTransferred:   	   65.354 MiB / 4.917 GiB, 1%, 2.548 MiB/s, ETA 32m30s
Checks:                48 / 48, 100%, Listed 4000
Transferred:           51 / 2679, 2%
Elapsed time:        47.5s
Transferring:
 *           -AI-PDF-/Sol Echo Transmission.pptx: transferringTransferred:   	   65.354 MiB / 4.917 GiB, 1%, 2.389 MiB/s, ETA 34m40s
Checks:                48 / 48, 100%, Listed 4000
Transferred:           51 / 2679, 2%
Elapsed time:        48.0s
Transferring:
 *           -AI-PDF-/Sol Echo Transmission.pptx: transferringTransferred:   	   65.354 MiB / 4.917 GiB, 1%, 2.389 MiB/s, ETA 34m40s
Checks:                48 / 48, 100%, Listed 4000
Transferred:           51 / 2679, 2%
Elapsed time:        48.5s
Transferring:
 *           -AI-PDF-/Sol Echo Transmission.pptx: transferringTransferred:   	   65.354 MiB / 4.917 GiB, 1%, 2.239 MiB/s, ETA 36m58s
Checks:                48 / 48, 100%, Listed 4000
Transferred:           51 / 2679, 2%
Elapsed time:        49.0s
Transferring:
 *           -AI-PDF-/Sol Echo Transmission.pptx: transferringTransferred:   	   65.354 MiB / 4.917 GiB, 1%, 2.239 MiB/s, ETA 36m58s
Checks:                48 / 48, 100%, Listed 4000
Transferred:           51 / 2679, 2%
Elapsed time:        49.5s
Transferring:
 *           -AI-PDF-/Sol Echo Transmission.pptx: transferringTransferred:   	   65.354 MiB / 4.917 GiB, 1%, 2.100 MiB/s, ETA 39m26s
Checks:                48 / 48, 100%, Listed 4000
Transferred:           51 / 2679, 2%
Elapsed time:        50.0s
Transferring:
 *           -AI-PDF-/Sol Echo Transmission.pptx: transferringTransferred:   	   65.354 MiB / 4.917 GiB, 1%, 2.100 MiB/s, ETA 39m26s
Checks:                48 / 48, 100%, Listed 4000
Transferred:           51 / 2679, 2%
Elapsed time:        50.5s
Transferring:
 *           -AI-PDF-/Sol Echo Transmission.pptx: transferringTransferred:   	   65.354 MiB / 4.917 GiB, 1%, 1.968 MiB/s, ETA 42m4s
Checks:                48 / 48, 100%, Listed 4000
Transferred:           51 / 2679, 2%
Elapsed time:        51.0s
Transferring:
 *           -AI-PDF-/Sol Echo Transmission.pptx: transferringTransferred:   	   65.354 MiB / 4.917 GiB, 1%, 1.968 MiB/s, ETA 42m4s
Checks:                48 / 48, 100%, Listed 4000
Transferred:           51 / 2679, 2%
Elapsed time:        51.5s
Transferring:
 *           -AI-PDF-/Sol Echo Transmission.pptx: transferringTransferred:   	   65.354 MiB / 4.917 GiB, 1%, 1.845 MiB/s, ETA 44m52s
Checks:                48 / 48, 100%, Listed 4000
Transferred:           51 / 2679, 2%
Elapsed time:        52.0s
Transferring:
 *           -AI-PDF-/Sol Echo Transmission.pptx: transferringTransferred:   	   65.354 MiB / 4.917 GiB, 1%, 1.845 MiB/s, ETA 44m52s
Checks:                48 / 48, 100%, Listed 4000
Transferred:           51 / 2679, 2%
Elapsed time:        52.5s
Transferring:
 *           -AI-PDF-/Sol Echo Transmission.pptx: transferringTransferred:   	   65.354 MiB / 4.917 GiB, 1%, 1.730 MiB/s, ETA 47m52s
Checks:                48 / 48, 100%, Listed 4000
Transferred:           51 / 2679, 2%
Elapsed time:        53.0s
Transferring:
 *           -AI-PDF-/Sol Echo Transmission.pptx: transferringTransferred:   	   65.354 MiB / 4.931 GiB, 1%, 1.730 MiB/s, ETA 48m1s
Checks:                48 / 48, 100%, Listed 4000
Transferred:           51 / 2679, 2%
Elapsed time:        53.5s
Transferring:
 *           -AI-PDF-/Sol Echo Transmission.pptx:  0% / 14.849 MiB, 0 B/s, -Transferred:   	   67.350 MiB / 4.931 GiB, 1%, 1.747 MiB/s, ETA 47m32s
Checks:                48 / 48, 100%, Listed 4000
Transferred:           51 / 2679, 2%
Elapsed time:        54.0s
Transferring:
 *           -AI-PDF-/Sol Echo Transmission.pptx: 13% / 14.849 MiB, 0 B/s, -Transferred:   	   72.506 MiB / 4.931 GiB, 1%, 1.747 MiB/s, ETA 47m29s
Checks:                48 / 48, 100%, Listed 4000
Transferred:           51 / 2679, 2%
Elapsed time:        54.5s
Transferring:
 *           -AI-PDF-/Sol Echo Transmission.pptx: 48% / 14.849 MiB, 6.928 MiB/s,Transferred:   	   77.350 MiB / 4.931 GiB, 2%, 2.262 MiB/s, ETA 36m37s
Checks:                48 / 48, 100%, Listed 4002
Transferred:           51 / 2679, 2%
Elapsed time:        55.0s
Transferring:
 *           -AI-PDF-/Sol Echo Transmission.pptx: 80% / 14.849 MiB, 6.928 MiB/s,Transferred:   	   80.203 MiB / 4.929 GiB, 2%, 2.262 MiB/s, ETA 36m35s
Checks:                48 / 48, 100%, Listed 4004
Transferred:           52 / 2679, 2%
Elapsed time:        55.5s
Transferring:
 *       -AI-PDF-/Storyboard AI Sequence 003.pdf: transferringTransferred:   	   80.203 MiB / 4.929 GiB, 2%, 2.262 MiB/s, ETA 36m35s
Checks:                48 / 48, 100%, Listed 4004
Transferred:           52 / 2679, 2%
Elapsed time:        56.0s
Transferring:
 *       -AI-PDF-/Storyboard AI Sequence 003.pdf: transferringTransferred:   	   82.482 MiB / 4.931 GiB, 2%, 2.303 MiB/s, ETA 35m56s
Checks:                48 / 48, 100%, Listed 4004
Transferred:           53 / 2679, 2%
Elapsed time:        56.5s
Transferring:
 * -AI-PDF-/The Foragers …Edible Wild Plants.pdf:  0% / 800.934 MiB, 0 B/s, -Transferred:   	   84.482 MiB / 4.931 GiB, 2%, 2.303 MiB/s, ETA 35m55s
Checks:                48 / 48, 100%, Listed 4004
Transferred:           53 / 2679, 2%
Elapsed time:        57.0s
Transferring:
 * -AI-PDF-/The Foragers …Edible Wild Plants.pdf:  0% / 800.934 MiB, 0 B/s, -Transferred:   	   91.232 MiB / 4.931 GiB, 2%, 2.837 MiB/s, ETA 29m7s
Checks:                48 / 48, 100%, Listed 4006
Transferred:           53 / 2680, 2%
Elapsed time:        57.5s
Transferring:
 * -AI-PDF-/The Foragers …Edible Wild Plants.pdf:  1% / 800.934 MiB, 8.734 MiBTransferred:   	  102.107 MiB / 4.931 GiB, 2%, 2.837 MiB/s, ETA 29m4s
Checks:                48 / 48, 100%, Listed 4010
Transferred:           53 / 2683, 2%
Elapsed time:        58.0s
Transferring:
 * -AI-PDF-/The Foragers …Edible Wild Plants.pdf:  2% / 800.934 MiB, 8.734 MiBTransferred:   	  115.732 MiB / 4.931 GiB, 2%, 4.112 MiB/s, ETA 19m59s
Checks:                48 / 48, 100%, Listed 4013
Transferred:           53 / 2684, 2%
Elapsed time:        58.5s
Transferring:
 * -AI-PDF-/The Foragers …Edible Wild Plants.pdf:  4% / 800.934 MiB, 15.992 MiTransferred:   	  126.607 MiB / 4.931 GiB, 3%, 4.112 MiB/s, ETA 19m57s
Checks:                48 / 48, 100%, Listed 4014
Transferred:           53 / 2684, 2%
Elapsed time:        59.0s
Transferring:
 * -AI-PDF-/The Foragers …Edible Wild Plants.pdf:  5% / 800.934 MiB, 15.992 MiTransferred:   	  138.982 MiB / 4.931 GiB, 3%, 4.112 MiB/s, ETA 19m54s
Checks:                48 / 48, 100%, Listed 4014
Transferred:           53 / 2684, 2%
Elapsed time:        59.5s
Transferring:
 * -AI-PDF-/The Foragers …Edible Wild Plants.pdf:  7% / 800.934 MiB, 18.828 MiTransferred:   	  151.982 MiB / 4.931 GiB, 3%, 5.395 MiB/s, ETA 15m7s
Checks:                48 / 48, 100%, Listed 4018
Transferred:           53 / 2688, 2%
Elapsed time:       1m0.0s
Transferring:
 * -AI-PDF-/The Foragers …Edible Wild Plants.pdf:  8% / 800.934 MiB, 18.828 MiTransferred:   	  164.732 MiB / 4.931 GiB, 3%, 6.628 MiB/s, ETA 12m17s
Checks:                48 / 48, 100%, Listed 4036
Transferred:           53 / 2688, 2%
Elapsed time:       1m0.5s
Transferring:
 * -AI-PDF-/The Foragers …Edible Wild Plants.pdf: 10% / 800.934 MiB, 20.559 MiTransferred:   	  177.232 MiB / 4.931 GiB, 4%, 6.628 MiB/s, ETA 12m15s
Checks:                48 / 48, 100%, Listed 4036
Transferred:           53 / 2688, 2%
Elapsed time:       1m1.0s
Transferring:
 * -AI-PDF-/The Foragers …Edible Wild Plants.pdf: 11% / 800.934 MiB, 20.559 MiTransferred:   	  189.857 MiB / 4.931 GiB, 4%, 6.628 MiB/s, ETA 12m13s
Checks:                48 / 48, 100%, Listed 4037
Transferred:           53 / 2688, 2%
Elapsed time:       1m1.5s
Transferring:
 * -AI-PDF-/The Foragers …Edible Wild Plants.pdf: 13% / 800.934 MiB, 20.559 MiTransferred:   	  203.232 MiB / 4.931 GiB, 4%, 7.823 MiB/s, ETA 10m19s
Checks:                48 / 48, 100%, Listed 4038
Transferred:           53 / 2688, 2%
Elapsed time:       1m2.0s
Transferring:
 * -AI-PDF-/The Foragers …Edible Wild Plants.pdf: 15% / 800.934 MiB, 21.547 MiTransferred:   	  215.607 MiB / 4.931 GiB, 4%, 7.823 MiB/s, ETA 10m17s
Checks:                48 / 48, 100%, Listed 4042
Transferred:           53 / 2689, 2%
Elapsed time:       1m2.5s
Transferring:
 * -AI-PDF-/The Foragers …Edible Wild Plants.pdf: 16% / 800.934 MiB, 21.547 MiTransferred:   	  227.857 MiB / 4.931 GiB, 5%, 8.943 MiB/s, ETA 8m59s
Checks:                48 / 48, 100%, Listed 4048
Transferred:           53 / 2692, 2%
Elapsed time:       1m3.0s
Transferring:
 * -AI-PDF-/The Foragers …Edible Wild Plants.pdf: 18% / 800.934 MiB, 22.268 MiTransferred:   	  240.357 MiB / 4.933 GiB, 5%, 9.908 MiB/s, ETA 8m5s
Checks:                48 / 48, 100%, Listed 4070
Transferred:           53 / 2709, 2%
Elapsed time:       1m3.5s
Transferring:
 * -AI-PDF-/The Foragers …Edible Wild Plants.pdf: 19% / 800.934 MiB, 22.268 MiTransferred:   	  253.732 MiB / 4.933 GiB, 5%, 9.908 MiB/s, ETA 8m4s
Checks:                48 / 48, 100%, Listed 4072
Transferred:           53 / 2711, 2%
Elapsed time:       1m4.0s
Transferring:
 * -AI-PDF-/The Foragers …Edible Wild Plants.pdf: 21% / 800.934 MiB, 22.551 MiTransferred:   	  265.982 MiB / 4.933 GiB, 5%, 9.908 MiB/s, ETA 8m3s
Checks:                48 / 48, 100%, Listed 4076
Transferred:           53 / 2713, 2%
Elapsed time:       1m4.5s
Transferring:
 * -AI-PDF-/The Foragers …Edible Wild Plants.pdf: 22% / 800.934 MiB, 22.873 MiTransferred:   	  278.232 MiB / 4.934 GiB, 6%, 10.914 MiB/s, ETA 7m17s
Checks:                48 / 48, 100%, Listed 4084
Transferred:           53 / 2721, 2%
Elapsed time:       1m5.0s
Transferring:
 * -AI-PDF-/The Foragers …Edible Wild Plants.pdf: 24% / 800.934 MiB, 22.873 MiTransferred:   	  292.357 MiB / 4.934 GiB, 6%, 10.914 MiB/s, ETA 7m16s
Checks:                48 / 48, 100%, Listed 4226
Transferred:           53 / 2735, 2%
Elapsed time:       1m5.5s
Transferring:
 * -AI-PDF-/The Foragers …Edible Wild Plants.pdf: 26% / 800.934 MiB, 22.873 Mi
2026/08/16 16:11:37 NOTICE: COSMIC-BRAIN/Cosmic shit/Copy of Financial Allocation Matrix.docx: Duplicate object found in source - ignoring
Transferred:   	  301.107 MiB / 4.934 GiB, 6%, 11.880 MiB/s, ETA 6m39s
Checks:                48 / 48, 100%, Listed 4320
Transferred:           53 / 2738, 2%
Elapsed time:       1m5.8s
Transferring:
 * -AI-PDF-/The Foragers …Edible Wild Plants.pdf: 27% / 800.934 MiB, 23.331 Mi
2026/08/16 16:11:37 NOTICE: COSMIC-BRAIN/Cosmic shit/Copy of Financial Allocation Matrix.docx: Duplicate object found in source - ignoring
Transferred:   	  301.107 MiB / 4.934 GiB, 6%, 11.880 MiB/s, ETA 6m39s
Checks:                48 / 48, 100%, Listed 4320
Transferred:           53 / 2738, 2%
Elapsed time:       1m5.8s
Transferring:
 * -AI-PDF-/The Foragers …Edible Wild Plants.pdf: 27% / 800.934 MiB, 23.331 Mi
2026/08/16 16:11:37 NOTICE: COSMIC-BRAIN/Cosmic shit/Copy of Financial Allocation Matrix.docx: Duplicate object found in source - ignoring
Transferred:   	  301.107 MiB / 4.934 GiB, 6%, 11.880 MiB/s, ETA 6m39s
Checks:                48 / 48, 100%, Listed 4320
Transferred:           53 / 2738, 2%
Elapsed time:       1m5.8s
Transferring:
 * -AI-PDF-/The Foragers …Edible Wild Plants.pdf: 27% / 800.934 MiB, 23.331 Mi
2026/08/16 16:11:37 NOTICE: COSMIC-BRAIN/Cosmic shit/Copy of Financial Allocation Matrix.docx: Duplicate object found in source - ignoring
Transferred:   	  301.232 MiB / 4.934 GiB, 6%, 11.880 MiB/s, ETA 6m39s
Checks:                48 / 48, 100%, Listed 4320
Transferred:           53 / 2738, 2%
Elapsed time:       1m5.8s
Transferring:
 * -AI-PDF-/The Foragers …Edible Wild Plants.pdf: 27% / 800.934 MiB, 23.331 Mi
2026/08/16 16:11:37 NOTICE: COSMIC-BRAIN/Cosmic shit/Copy of Financial Allocation Matrix.docx: Duplicate object found in source - ignoring
Transferred:   	  301.232 MiB / 4.934 GiB, 6%, 11.880 MiB/s, ETA 6m39s
Checks:                48 / 48, 100%, Listed 4320
Transferred:           53 / 2738, 2%
Elapsed time:       1m5.8s
Transferring:
 * -AI-PDF-/The Foragers …Edible Wild Plants.pdf: 27% / 800.934 MiB, 23.331 Mi
2026/08/16 16:11:37 NOTICE: COSMIC-BRAIN/Cosmic shit/Copy of Financial Allocation Matrix.docx: Duplicate object found in source - ignoring
Transferred:   	  301.232 MiB / 4.934 GiB, 6%, 11.880 MiB/s, ETA 6m39s
Checks:                48 / 48, 100%, Listed 4320
Transferred:           53 / 2738, 2%
Elapsed time:       1m5.8s
Transferring:
 * -AI-PDF-/The Foragers …Edible Wild Plants.pdf: 27% / 800.934 MiB, 23.331 Mi
2026/08/16 16:11:37 NOTICE: COSMIC-BRAIN/Cosmic shit/Copy of Financial Allocation Matrix.docx: Duplicate object found in source - ignoring
Transferred:   	  301.232 MiB / 4.934 GiB, 6%, 11.880 MiB/s, ETA 6m39s
Checks:                48 / 48, 100%, Listed 4320
Transferred:           53 / 2738, 2%
Elapsed time:       1m5.8s
Transferring:
 * -AI-PDF-/The Foragers …Edible Wild Plants.pdf: 27% / 800.934 MiB, 23.331 Mi
2026/08/16 16:11:37 NOTICE: COSMIC-BRAIN/Cosmic shit/Copy of Financial Allocation Matrix.docx: Duplicate object found in source - ignoring
Transferred:   	  301.232 MiB / 4.934 GiB, 6%, 11.880 MiB/s, ETA 6m39s
Checks:                48 / 48, 100%, Listed 4320
Transferred:           53 / 2738, 2%
Elapsed time:       1m5.8s
Transferring:
 * -AI-PDF-/The Foragers …Edible Wild Plants.pdf: 27% / 800.934 MiB, 23.331 Mi
2026/08/16 16:11:37 NOTICE: COSMIC-BRAIN/Cosmic shit/Copy of Financial Allocation Matrix.docx: Duplicate object found in source - ignoring
Transferred:   	  301.232 MiB / 4.934 GiB, 6%, 11.880 MiB/s, ETA 6m39s
Checks:                48 / 48, 100%, Listed 4320
Transferred:           53 / 2738, 2%
Elapsed time:       1m5.8s
Transferring:
 * -AI-PDF-/The Foragers …Edible Wild Plants.pdf: 27% / 800.934 MiB, 23.331 Mi
2026/08/16 16:11:37 NOTICE: COSMIC-BRAIN/Cosmic shit/Copy of Financial Allocation Matrix.docx: Duplicate object found in source - ignoring
Transferred:   	  301.357 MiB / 4.934 GiB, 6%, 11.880 MiB/s, ETA 6m39s
Checks:                48 / 48, 100%, Listed 4320
Transferred:           53 / 2738, 2%
Elapsed time:       1m5.8s
Transferring:
 * -AI-PDF-/The Foragers …Edible Wild Plants.pdf: 27% / 800.934 MiB, 23.331 Mi
2026/08/16 16:11:37 NOTICE: COSMIC-BRAIN/Cosmic shit/Copy of Financial Allocation Matrix.docx: Duplicate object found in source - ignoring
Transferred:   	  301.357 MiB / 4.934 GiB, 6%, 11.880 MiB/s, ETA 6m39s
Checks:                48 / 48, 100%, Listed 4320
Transferred:           53 / 2738, 2%
Elapsed time:       1m5.8s
Transferring:
 * -AI-PDF-/The Foragers …Edible Wild Plants.pdf: 27% / 800.934 MiB, 23.331 Mi
2026/08/16 16:11:37 NOTICE: COSMIC-BRAIN/Cosmic shit/Copy of Financial Allocation Matrix.docx: Duplicate object found in source - ignoring
Transferred:   	  301.357 MiB / 4.934 GiB, 6%, 11.880 MiB/s, ETA 6m39s
Checks:                48 / 48, 100%, Listed 4320
Transferred:           53 / 2738, 2%
Elapsed time:       1m5.8s
Transferring:
 * -AI-PDF-/The Foragers …Edible Wild Plants.pdf: 27% / 800.934 MiB, 23.331 Mi
2026/08/16 16:11:37 NOTICE: COSMIC-BRAIN/Cosmic shit/Copy of Financial Allocation Matrix.docx: Duplicate object found in source - ignoring
Transferred:   	  301.357 MiB / 4.934 GiB, 6%, 11.880 MiB/s, ETA 6m39s
Checks:                48 / 48, 100%, Listed 4320
Transferred:           53 / 2738, 2%
Elapsed time:       1m5.8s
Transferring:
 * -AI-PDF-/The Foragers …Edible Wild Plants.pdf: 27% / 800.934 MiB, 23.331 Mi
2026/08/16 16:11:37 NOTICE: COSMIC-BRAIN/Cosmic shit/Copy of Financial Allocation Matrix.docx: Duplicate object found in source - ignoring
Transferred:   	  301.357 MiB / 4.934 GiB, 6%, 11.880 MiB/s, ETA 6m39s
Checks:                48 / 48, 100%, Listed 4320
Transferred:           53 / 2738, 2%
Elapsed time:       1m5.8s
Transferring:
 * -AI-PDF-/The Foragers …Edible Wild Plants.pdf: 27% / 800.934 MiB, 23.331 Mi
2026/08/16 16:11:37 NOTICE: COSMIC-BRAIN/Cosmic shit/Copy of Financial Allocation Matrix.docx: Duplicate object found in source - ignoring
Transferred:   	  301.357 MiB / 4.934 GiB, 6%, 11.880 MiB/s, ETA 6m39s
Checks:                48 / 48, 100%, Listed 4320
Transferred:           53 / 2738, 2%
Elapsed time:       1m5.8s
Transferring:
 * -AI-PDF-/The Foragers …Edible Wild Plants.pdf: 27% / 800.934 MiB, 23.331 Mi
2026/08/16 16:11:37 NOTICE: COSMIC-BRAIN/Cosmic shit/Copy of Financial Allocation Matrix.docx: Duplicate object found in source - ignoring
Transferred:   	  301.357 MiB / 4.934 GiB, 6%, 11.880 MiB/s, ETA 6m39s
Checks:                48 / 48, 100%, Listed 4320
Transferred:           53 / 2738, 2%
Elapsed time:       1m5.8s
Transferring:
 * -AI-PDF-/The Foragers …Edible Wild Plants.pdf: 27% / 800.934 MiB, 23.331 Mi
2026/08/16 16:11:37 NOTICE: COSMIC-BRAIN/Cosmic shit/Copy of Financial Allocation Matrix.docx: Duplicate object found in source - ignoring
Transferred:   	  301.357 MiB / 4.934 GiB, 6%, 11.880 MiB/s, ETA 6m39s
Checks:                48 / 48, 100%, Listed 4320
Transferred:           53 / 2738, 2%
Elapsed time:       1m5.8s
Transferring:
 * -AI-PDF-/The Foragers …Edible Wild Plants.pdf: 27% / 800.934 MiB, 23.331 Mi
2026/08/16 16:11:37 NOTICE: COSMIC-BRAIN/Cosmic shit/Copy of Financial Allocation Matrix.docx: Duplicate object found in source - ignoring
Transferred:   	  301.482 MiB / 4.934 GiB, 6%, 11.880 MiB/s, ETA 6m39s
Checks:                48 / 48, 100%, Listed 4320
Transferred:           53 / 2738, 2%
Elapsed time:       1m5.8s
Transferring:
 * -AI-PDF-/The Foragers …Edible Wild Plants.pdf: 27% / 800.934 MiB, 23.331 Mi
2026/08/16 16:11:37 NOTICE: COSMIC-BRAIN/Cosmic shit/Copy of Financial Allocation Matrix.docx: Duplicate object found in source - ignoring
Transferred:   	  301.482 MiB / 4.934 GiB, 6%, 11.880 MiB/s, ETA 6m39s
Checks:                48 / 48, 100%, Listed 4320
Transferred:           53 / 2738, 2%
Elapsed time:       1m5.8s
Transferring:
 * -AI-PDF-/The Foragers …Edible Wild Plants.pdf: 27% / 800.934 MiB, 23.331 Mi
2026/08/16 16:11:37 NOTICE: COSMIC-BRAIN/Cosmic shit/Copy of Financial Allocation Matrix.docx: Duplicate object found in source - ignoring
Transferred:   	  301.482 MiB / 4.934 GiB, 6%, 11.880 MiB/s, ETA 6m39s
Checks:                48 / 48, 100%, Listed 4320
Transferred:           53 / 2738, 2%
Elapsed time:       1m5.8s
Transferring:
 * -AI-PDF-/The Foragers …Edible Wild Plants.pdf: 27% / 800.934 MiB, 23.331 Mi
2026/08/16 16:11:37 NOTICE: COSMIC-BRAIN/Cosmic shit/Copy of Financial Allocation Matrix.docx: Duplicate object found in source - ignoring
Transferred:   	  301.482 MiB / 4.934 GiB, 6%, 11.880 MiB/s, ETA 6m39s
Checks:                48 / 48, 100%, Listed 4320
Transferred:           53 / 2738, 2%
Elapsed time:       1m5.8s
Transferring:
 * -AI-PDF-/The Foragers …Edible Wild Plants.pdf: 27% / 800.934 MiB, 23.331 Mi
2026/08/16 16:11:37 NOTICE: COSMIC-BRAIN/Cosmic shit/Copy of Financial Allocation Matrix.docx: Duplicate object found in source - ignoring
Transferred:   	  301.482 MiB / 4.934 GiB, 6%, 11.880 MiB/s, ETA 6m39s
Checks:                48 / 48, 100%, Listed 4320
Transferred:           53 / 2738, 2%
Elapsed time:       1m5.8s
Transferring:
 * -AI-PDF-/The Foragers …Edible Wild Plants.pdf: 27% / 800.934 MiB, 23.331 Mi
2026/08/16 16:11:37 NOTICE: COSMIC-BRAIN/Cosmic shit/Copy of Financial Allocation Matrix.docx: Duplicate object found in source - ignoring
Transferred:   	  301.482 MiB / 4.934 GiB, 6%, 11.880 MiB/s, ETA 6m39s
Checks:                48 / 48, 100%, Listed 4320
Transferred:           53 / 2738, 2%
Elapsed time:       1m5.8s
Transferring:
 * -AI-PDF-/The Foragers …Edible Wild Plants.pdf: 27% / 800.934 MiB, 23.331 Mi
2026/08/16 16:11:37 NOTICE: COSMIC-BRAIN/Cosmic shit/Copy of Financial Allocation Matrix.docx: Duplicate object found in source - ignoring
Transferred:   	  301.482 MiB / 4.934 GiB, 6%, 11.880 MiB/s, ETA 6m39s
Checks:                48 / 48, 100%, Listed 4320
Transferred:           53 / 2738, 2%
Elapsed time:       1m5.8s
Transferring:
 * -AI-PDF-/The Foragers …Edible Wild Plants.pdf: 27% / 800.934 MiB, 23.331 Mi
2026/08/16 16:11:37 NOTICE: COSMIC-BRAIN/Cosmic shit/Copy of Financial Allocation Matrix.docx: Duplicate object found in source - ignoring
Transferred:   	  301.482 MiB / 4.934 GiB, 6%, 11.880 MiB/s, ETA 6m39s
Checks:                48 / 48, 100%, Listed 4320
Transferred:           53 / 2738, 2%
Elapsed time:       1m5.8s
Transferring:
 * -AI-PDF-/The Foragers …Edible Wild Plants.pdf: 27% / 800.934 MiB, 23.331 Mi
2026/08/16 16:11:37 NOTICE: COSMIC-BRAIN/Cosmic shit/Copy of Financial Allocation Matrix.docx: Duplicate object found in source - ignoring
Transferred:   	  301.482 MiB / 4.934 GiB, 6%, 11.880 MiB/s, ETA 6m39s
Checks:                48 / 48, 100%, Listed 4320
Transferred:           53 / 2738, 2%
Elapsed time:       1m5.8s
Transferring:
 * -AI-PDF-/The Foragers …Edible Wild Plants.pdf: 27% / 800.934 MiB, 23.331 Mi
2026/08/16 16:11:37 NOTICE: COSMIC-BRAIN/Cosmic shit/Cosmic_orchastrator.py: Duplicate object found in source - ignoring
Transferred:   	  301.482 MiB / 4.934 GiB, 6%, 11.880 MiB/s, ETA 6m39s
Checks:                48 / 48, 100%, Listed 4320
Transferred:           53 / 2740, 2%
Elapsed time:       1m5.8s
Transferring:
 * -AI-PDF-/The Foragers …Edible Wild Plants.pdf: 27% / 800.934 MiB, 23.331 Mi
2026/08/16 16:11:37 NOTICE: COSMIC-BRAIN/Cosmic shit/Cosmic_restore_push.bat: Duplicate object found in source - ignoring
Transferred:   	  301.482 MiB / 4.934 GiB, 6%, 11.880 MiB/s, ETA 6m39s
Checks:                48 / 48, 100%, Listed 4320
Transferred:           53 / 2742, 2%
Elapsed time:       1m5.8s
Transferring:
 * -AI-PDF-/The Foragers …Edible Wild Plants.pdf: 27% / 800.934 MiB, 23.331 Mi
2026/08/16 16:11:37 NOTICE: COSMIC-BRAIN/Cosmic shit/Cosmickeyos.Py: Duplicate object found in source - ignoring
Transferred:   	  301.482 MiB / 4.934 GiB, 6%, 11.880 MiB/s, ETA 6m39s
Checks:                48 / 48, 100%, Listed 4320
Transferred:           53 / 2747, 2%
Elapsed time:       1m5.8s
Transferring:
 * -AI-PDF-/The Foragers …Edible Wild Plants.pdf: 27% / 800.934 MiB, 23.331 Mi
2026/08/16 16:11:37 NOTICE: COSMIC-BRAIN/Cosmic shit/Galaxy Genesis Blueprint.docx: Duplicate object found in source - ignoring
Transferred:   	  301.482 MiB / 4.934 GiB, 6%, 11.880 MiB/s, ETA 6m39s
Checks:                48 / 48, 100%, Listed 4320
Transferred:           53 / 2750, 2%
Elapsed time:       1m5.8s
Transferring:
 * -AI-PDF-/The Foragers …Edible Wild Plants.pdf: 27% / 800.934 MiB, 23.331 Mi
2026/08/16 16:11:37 NOTICE: COSMIC-BRAIN/Cosmic shit/Galaxy Genesis Blueprint.docx: Duplicate object found in source - ignoring
Transferred:   	  301.482 MiB / 4.934 GiB, 6%, 11.880 MiB/s, ETA 6m39s
Checks:                48 / 48, 100%, Listed 4320
Transferred:           53 / 2750, 2%
Elapsed time:       1m5.8s
Transferring:
 * -AI-PDF-/The Foragers …Edible Wild Plants.pdf: 27% / 800.934 MiB, 23.331 Mi
2026/08/16 16:11:37 NOTICE: COSMIC-BRAIN/Cosmic shit/Galaxy Genesis Blueprint.docx: Duplicate object found in source - ignoring
Transferred:   	  301.482 MiB / 4.934 GiB, 6%, 11.880 MiB/s, ETA 6m39s
Checks:                48 / 48, 100%, Listed 4320
Transferred:           53 / 2750, 2%
Elapsed time:       1m5.8s
Transferring:
 * -AI-PDF-/The Foragers …Edible Wild Plants.pdf: 27% / 800.934 MiB, 23.331 Mi
2026/08/16 16:11:37 NOTICE: COSMIC-BRAIN/Cosmic shit/Galaxy Genesis Blueprint.docx: Duplicate object found in source - ignoring
Transferred:   	  301.482 MiB / 4.934 GiB, 6%, 11.880 MiB/s, ETA 6m39s
Checks:                48 / 48, 100%, Listed 4320
Transferred:           53 / 2750, 2%
Elapsed time:       1m5.8s
Transferring:
 * -AI-PDF-/The Foragers …Edible Wild Plants.pdf: 27% / 800.934 MiB, 23.331 Mi
2026/08/16 16:11:37 NOTICE: COSMIC-BRAIN/Cosmic shit/Galaxy Genesis Blueprint.docx: Duplicate object found in source - ignoring
Transferred:   	  301.482 MiB / 4.934 GiB, 6%, 11.880 MiB/s, ETA 6m39s
Checks:                48 / 48, 100%, Listed 4320
Transferred:           53 / 2750, 2%
Elapsed time:       1m5.8s
Transferring:
 * -AI-PDF-/The Foragers …Edible Wild Plants.pdf: 27% / 800.934 MiB, 23.331 Mi
2026/08/16 16:11:37 NOTICE: COSMIC-BRAIN/Cosmic shit/Galaxy Genesis Blueprint.docx: Duplicate object found in source - ignoring
Transferred:   	  301.482 MiB / 4.934 GiB, 6%, 11.880 MiB/s, ETA 6m39s
Checks:                48 / 48, 100%, Listed 4320
Transferred:           53 / 2750, 2%
Elapsed time:       1m5.8s
Transferring:
 * -AI-PDF-/The Foragers …Edible Wild Plants.pdf: 27% / 800.934 MiB, 23.331 Mi
2026/08/16 16:11:37 NOTICE: COSMIC-BRAIN/Cosmic shit/Galaxy Genesis Blueprint.docx: Duplicate object found in source - ignoring
Transferred:   	  301.482 MiB / 4.934 GiB, 6%, 11.880 MiB/s, ETA 6m39s
Checks:                48 / 48, 100%, Listed 4320
Transferred:           53 / 2750, 2%
Elapsed time:       1m5.8s
Transferring:
 * -AI-PDF-/The Foragers …Edible Wild Plants.pdf: 27% / 800.934 MiB, 23.331 Mi
2026/08/16 16:11:37 NOTICE: COSMIC-BRAIN/Cosmic shit/README_FINAL.md: Duplicate object found in source - ignoring
Transferred:   	  301.482 MiB / 4.934 GiB, 6%, 11.880 MiB/s, ETA 6m39s
Checks:                48 / 48, 100%, Listed 4320
Transferred:           53 / 2761, 2%
Elapsed time:       1m5.8s
Transferring:
 * -AI-PDF-/The Foragers …Edible Wild Plants.pdf: 27% / 800.934 MiB, 23.331 Mi
2026/08/16 16:11:37 NOTICE: COSMIC-BRAIN/Cosmic shit/run_all_tests.sh: Duplicate object found in source - ignoring
Transferred:   	  301.607 MiB / 4.935 GiB, 6%, 11.880 MiB/s, ETA 6m39s
Checks:                48 / 48, 100%, Listed 4320
Transferred:           53 / 2789, 2%
Elapsed time:       1m5.8s
Transferring:
 * -AI-PDF-/The Foragers …Edible Wild Plants.pdf: 27% / 800.934 MiB, 23.331 MiTransferred:   	  306.482 MiB / 4.935 GiB, 6%, 11.880 MiB/s, ETA 6m39s
Checks:                48 / 48, 100%, Listed 4320
Transferred:           53 / 2789, 2%
Elapsed time:       1m6.0s
Transferring:
 * -AI-PDF-/The Foragers …Edible Wild Plants.pdf: 27% / 800.934 MiB, 23.331 MiTransferred:   	  319.732 MiB / 4.935 GiB, 6%, 12.825 MiB/s, ETA 6m9s
Checks:                48 / 48, 100%, Listed 4325
Transferred:           53 / 2789, 2%
Elapsed time:       1m6.5s
Transferring:
 * -AI-PDF-/The Foragers …Edible Wild Plants.pdf: 29% / 800.934 MiB, 23.723 Mi
2026/08/16 16:11:37 NOTICE: COSMIC-BRAIN/Cosmic key/. py/VMP to Cosmic Key Bridge Script.py: Duplicate object found in source - ignoring
Transferred:   	  324.982 MiB / 4.935 GiB, 6%, 12.825 MiB/s, ETA 6m8s
Checks:                48 / 48, 100%, Listed 4332
Transferred:           53 / 2795, 2%
Elapsed time:       1m6.6s
Transferring:
 * -AI-PDF-/The Foragers …Edible Wild Plants.pdf: 30% / 800.934 MiB, 23.723 MiTransferred:   	  333.232 MiB / 4.935 GiB, 7%, 12.825 MiB/s, ETA 6m8s
Checks:                48 / 48, 100%, Listed 4341
Transferred:           53 / 2796, 2%
Elapsed time:       1m7.0s
Transferring:
 * -AI-PDF-/The Foragers …Edible Wild Plants.pdf: 31% / 800.934 MiB, 23.723 MiTransferred:   	  339.357 MiB / 4.935 GiB, 7%, 12.825 MiB/s, ETA 6m7s
Checks:                48 / 48, 100%, Listed 4375
Transferred:           53 / 2829, 2%
Elapsed time:       1m7.5s
Transferring:
 * -AI-PDF-/The Foragers …Edible Wild Plants.pdf: 32% / 800.934 MiB, 23.723 MiTransferred:   	  350.107 MiB / 4.935 GiB, 7%, 13.273 MiB/s, ETA 5m54s
Checks:                48 / 48, 100%, Listed 4377
Transferred:           53 / 2829, 2%
Elapsed time:       1m8.0s
Transferring:
 * -AI-PDF-/The Foragers …Edible Wild Plants.pdf: 33% / 800.934 MiB, 23.362 MiTransferred:   	  362.232 MiB / 4.936 GiB, 7%, 13.834 MiB/s, ETA 5m39s
Checks:                48 / 48, 100%, Listed 4379
Transferred:           53 / 2830, 2%
Elapsed time:       1m8.5s
Transferring:
 * -AI-PDF-/The Foragers …Edible Wild Plants.pdf: 34% / 800.934 MiB, 23.362 MiTransferred:   	  370.607 MiB / 4.936 GiB, 7%, 13.834 MiB/s, ETA 5m38s
Checks:                48 / 48, 100%, Listed 4380
Transferred:           53 / 2830, 2%
Elapsed time:       1m9.0s
Transferring:
 * -AI-PDF-/The Foragers …Edible Wild Plants.pdf: 35% / 800.934 MiB, 23.311 MiTransferred:   	  384.232 MiB / 4.936 GiB, 8%, 13.834 MiB/s, ETA 5m37s
Checks:                48 / 48, 100%, Listed 4387
Transferred:           53 / 2836, 2%
Elapsed time:       1m9.5s
Transferring:
 * -AI-PDF-/The Foragers …Edible Wild Plants.pdf: 37% / 800.934 MiB, 23.210 MiTransferred:   	  397.107 MiB / 4.936 GiB, 8%, 14.384 MiB/s, ETA 5m23s
Checks:                48 / 48, 100%, Listed 4388
Transferred:           53 / 2836, 2%
Elapsed time:      1m10.0s
Transferring:
 * -AI-PDF-/The Foragers …Edible Wild Plants.pdf: 39% / 800.934 MiB, 23.210 MiTransferred:   	  408.982 MiB / 4.937 GiB, 8%, 15.016 MiB/s, ETA 5m9s
Checks:                48 / 48, 100%, Listed 4402
Transferred:           53 / 2850, 2%
Elapsed time:      1m10.5s
Transferring:
 * -AI-PDF-/The Foragers …Edible Wild Plants.pdf: 40% / 800.934 MiB, 23.293 MiTransferred:   	  420.857 MiB / 4.937 GiB, 8%, 15.016 MiB/s, ETA 5m8s
Checks:                48 / 48, 100%, Listed 4406
Transferred:           53 / 2851, 2%
Elapsed time:      1m11.0s
Transferring:
 * -AI-PDF-/The Foragers …Edible Wild Plants.pdf: 42% / 800.934 MiB, 23.293 MiTransferred:   	  432.107 MiB / 4.940 GiB, 9%, 15.507 MiB/s, ETA 4m58s
Checks:                48 / 48, 100%, Listed 4461
Transferred:           53 / 2905, 2%
Elapsed time:      1m11.5s
Transferring:
 * -AI-PDF-/The Foragers …Edible Wild Plants.pdf: 43% / 800.934 MiB, 23.307 MiTransferred:   	  443.107 MiB / 4.944 GiB, 9%, 15.507 MiB/s, ETA 4m57s
Checks:                48 / 48, 100%, Listed 4472
Transferred:           53 / 2916, 2%
Elapsed time:      1m12.0s
Transferring:
 * -AI-PDF-/The Foragers …Edible Wild Plants.pdf: 45% / 800.934 MiB, 23.307 MiTransferred:   	  455.857 MiB / 4.944 GiB, 9%, 16.015 MiB/s, ETA 4m47s
Checks:                48 / 48, 100%, Listed 4537
Transferred:           53 / 2981, 2%
Elapsed time:      1m12.5s
Transferring:
 * -AI-PDF-/The Foragers …Edible Wild Plants.pdf: 46% / 800.934 MiB, 23.312 MiTransferred:   	  468.357 MiB / 4.944 GiB, 9%, 16.015 MiB/s, ETA 4m46s
Checks:                48 / 48, 100%, Listed 4539
Transferred:           53 / 2983, 2%
Elapsed time:      1m13.0s
Transferring:
 * -AI-PDF-/The Foragers …Edible Wild Plants.pdf: 48% / 800.934 MiB, 23.312 Mi
2026/08/16 16:11:44 NOTICE: NOMADZ-0/.git/objects/info: Duplicate directory found in source - ignoring
Transferred:   	  476.482 MiB / 4.944 GiB, 9%, 16.015 MiB/s, ETA 4m46s
Checks:                48 / 48, 100%, Listed 4578
Transferred:           53 / 2983, 2%
Elapsed time:      1m13.3s
Transferring:
 * -AI-PDF-/The Foragers …Edible Wild Plants.pdf: 49% / 800.934 MiB, 23.312 Mi
2026/08/16 16:11:44 NOTICE: NOMADZ-0/.git/objects/pack: Duplicate directory found in source - ignoring
Transferred:   	  476.607 MiB / 4.944 GiB, 9%, 16.015 MiB/s, ETA 4m46s
Checks:                48 / 48, 100%, Listed 4578
Transferred:           53 / 2983, 2%
Elapsed time:      1m13.3s
Transferring:
 * -AI-PDF-/The Foragers …Edible Wild Plants.pdf: 49% / 800.934 MiB, 23.312 MiTransferred:   	  481.107 MiB / 4.945 GiB, 10%, 16.568 MiB/s, ETA 4m36s
Checks:                48 / 48, 100%, Listed 4581
Transferred:           53 / 2986, 2%
Elapsed time:      1m13.5s
Transferring:
 * -AI-PDF-/The Foragers …Edible Wild Plants.pdf: 49% / 800.934 MiB, 23.448 MiTransferred:   	  493.232 MiB / 4.945 GiB, 10%, 16.568 MiB/s, ETA 4m35s
Checks:                48 / 48, 100%, Listed 4586
Transferred:           53 / 2986, 2%
Elapsed time:      1m14.0s
Transferring:
 * -AI-PDF-/The Foragers …Edible Wild Plants.pdf: 51% / 800.934 MiB, 23.448 MiTransferred:   	  503.982 MiB / 4.946 GiB, 10%, 16.568 MiB/s, ETA 4m35s
Checks:                48 / 48, 100%, Listed 4599
Transferred:           53 / 2997, 2%
Elapsed time:      1m14.5s
Transferring:
 * -AI-PDF-/The Foragers …Edible Wild Plants.pdf: 52% / 800.934 MiB, 23.412 MiTransferred:   	  516.982 MiB / 4.946 GiB, 10%, 17.025 MiB/s, ETA 4m27s
Checks:                48 / 48, 100%, Listed 4605
Transferred:           53 / 3003, 2%
Elapsed time:      1m15.0s
Transferring:
 * -AI-PDF-/The Foragers …Edible Wild Plants.pdf: 54% / 800.934 MiB, 23.412 MiTransferred:   	  529.607 MiB / 4.946 GiB, 10%, 17.555 MiB/s, ETA 4m18s
Checks:                48 / 48, 100%, Listed 4608
Transferred:           53 / 3003, 2%
Elapsed time:      1m15.5s
Transferring:
 * -AI-PDF-/The Foragers …Edible Wild Plants.pdf: 55% / 800.934 MiB, 23.551 MiTransferred:   	  541.357 MiB / 4.946 GiB, 11%, 17.555 MiB/s, ETA 4m17s
Checks:                48 / 48, 100%, Listed 4620
Transferred:           53 / 3013, 2%
Elapsed time:      1m16.0s
Transferring:
 * -AI-PDF-/The Foragers …Edible Wild Plants.pdf: 57% / 800.934 MiB, 23.551 MiTransferred:   	  555.232 MiB / 4.946 GiB, 11%, 18.028 MiB/s, ETA 4m10s
Checks:                48 / 48, 100%, Listed 4621
Transferred:           53 / 3013, 2%
Elapsed time:      1m16.5s
Transferring:
 * -AI-PDF-/The Foragers …Edible Wild Plants.pdf: 59% / 800.934 MiB, 23.551 MiTransferred:   	  568.482 MiB / 4.946 GiB, 11%, 18.028 MiB/s, ETA 4m9s
Checks:                48 / 48, 100%, Listed 4626
Transferred:           53 / 3014, 2%
Elapsed time:      1m17.0s
Transferring:
 * -AI-PDF-/The Foragers …Edible Wild Plants.pdf: 60% / 800.934 MiB, 23.712 MiTransferred:   	  582.232 MiB / 4.946 GiB, 11%, 18.596 MiB/s, ETA 4m1s
Checks:                48 / 48, 100%, Listed 4629
Transferred:           53 / 3015, 2%
Elapsed time:      1m17.5s
Transferring:
 * -AI-PDF-/The Foragers …Edible Wild Plants.pdf: 62% / 800.934 MiB, 23.878 MiTransferred:   	  595.357 MiB / 4.946 GiB, 12%, 18.596 MiB/s, ETA 4m
Checks:                48 / 48, 100%, Listed 4634
Transferred:           53 / 3019, 2%
Elapsed time:      1m18.0s
Transferring:
 * -AI-PDF-/The Foragers …Edible Wild Plants.pdf: 64% / 800.934 MiB, 23.878 MiTransferred:   	  604.732 MiB / 4.946 GiB, 12%, 18.817 MiB/s, ETA 3m56s
Checks:                48 / 48, 100%, Listed 4640
Transferred:           53 / 3021, 2%
Elapsed time:      1m18.5s
Transferring:
 * -AI-PDF-/The Foragers …Edible Wild Plants.pdf: 65% / 800.934 MiB, 23.768 MiTransferred:   	  615.357 MiB / 4.946 GiB, 12%, 18.817 MiB/s, ETA 3m56s
Checks:                48 / 48, 100%, Listed 4646
Transferred:           53 / 3026, 2%
Elapsed time:      1m19.0s
Transferring:
 * -AI-PDF-/The Foragers …Edible Wild Plants.pdf: 66% / 800.934 MiB, 23.768 MiTransferred:   	  628.482 MiB / 4.946 GiB, 12%, 19.141 MiB/s, ETA 3m51s
Checks:                48 / 48, 100%, Listed 4679
Transferred:           53 / 3058, 2%
Elapsed time:      1m19.5s
Transferring:
 * -AI-PDF-/The Foragers …Edible Wild Plants.pdf: 68% / 800.934 MiB, 23.806 MiTransferred:   	  640.232 MiB / 4.946 GiB, 13%, 19.141 MiB/s, ETA 3m51s
Checks:                48 / 48, 100%, Listed 4697
Transferred:           53 / 3071, 2%
Elapsed time:      1m20.0s
Transferring:
 * -AI-PDF-/The Foragers …Edible Wild Plants.pdf: 69% / 800.934 MiB, 23.806 Mi
2026/08/16 16:11:51 NOTICE: NOMADZ-0/.git/refs/heads: Duplicate directory found in source - ignoring
Transferred:   	  649.107 MiB / 4.946 GiB, 13%, 19.141 MiB/s, ETA 3m50s
Checks:                48 / 48, 100%, Listed 4712
Transferred:           53 / 3080, 2%
Elapsed time:      1m20.3s
Transferring:
 * -AI-PDF-/The Foragers …Edible Wild Plants.pdf: 70% / 800.934 MiB, 23.806 Mi
2026/08/16 16:11:51 NOTICE: NOMADZ-0/.git/refs/tags: Duplicate directory found in source - ignoring
Transferred:   	  649.107 MiB / 4.946 GiB, 13%, 19.141 MiB/s, ETA 3m50s
Checks:                48 / 48, 100%, Listed 4712
Transferred:           53 / 3080, 2%
Elapsed time:      1m20.3s
Transferring:
 * -AI-PDF-/The Foragers …Edible Wild Plants.pdf: 70% / 800.934 MiB, 23.806 MiTransferred:   	  651.607 MiB / 4.946 GiB, 13%, 19.413 MiB/s, ETA 3m47s
Checks:                48 / 48, 100%, Listed 4721
Transferred:           53 / 3084, 2%
Elapsed time:      1m20.5s
Transferring:
 * -AI-PDF-/The Foragers …Edible Wild Plants.pdf: 71% / 800.934 MiB, 23.764 MiTransferred:   	  664.607 MiB / 4.954 GiB, 13%, 19.413 MiB/s, ETA 3m47s
Checks:                48 / 48, 100%, Listed 4726
Transferred:           53 / 3087, 2%
Elapsed time:      1m21.0s
Transferring:
 * -AI-PDF-/The Foragers …Edible Wild Plants.pdf: 72% / 800.934 MiB, 23.764 MiTransferred:   	  677.482 MiB / 4.954 GiB, 13%, 19.817 MiB/s, ETA 3m41s
Checks:                48 / 48, 100%, Listed 4734
Transferred:           53 / 3095, 2%
Elapsed time:      1m21.5s
Transferring:
 * -AI-PDF-/The Foragers …Edible Wild Plants.pdf: 74% / 800.934 MiB, 23.888 MiTransferred:   	  690.232 MiB / 4.954 GiB, 14%, 19.817 MiB/s, ETA 3m41s
Checks:                48 / 48, 100%, Listed 4739
Transferred:           53 / 3099, 2%
Elapsed time:      1m22.0s
Transferring:
 * -AI-PDF-/The Foragers …Edible Wild Plants.pdf: 75% / 800.934 MiB, 23.888 MiTransferred:   	  702.857 MiB / 4.954 GiB, 14%, 20.172 MiB/s, ETA 3m36s
Checks:                48 / 48, 100%, Listed 4747
Transferred:           53 / 3107, 2%
Elapsed time:      1m22.5s
Transferring:
 * -AI-PDF-/The Foragers …Edible Wild Plants.pdf: 77% / 800.934 MiB, 23.989 MiTransferred:   	  716.482 MiB / 4.954 GiB, 14%, 20.172 MiB/s, ETA 3m35s
Checks:                48 / 48, 100%, Listed 4752
Transferred:           53 / 3109, 2%
Elapsed time:      1m23.0s
Transferring:
 * -AI-PDF-/The Foragers …Edible Wild Plants.pdf: 79% / 800.934 MiB, 23.989 MiTransferred:   	  728.732 MiB / 4.954 GiB, 14%, 20.529 MiB/s, ETA 3m31s
Checks:                48 / 48, 100%, Listed 4759
Transferred:           53 / 3115, 2%
Elapsed time:      1m23.5s
Transferring:
 * -AI-PDF-/The Foragers …Edible Wild Plants.pdf: 80% / 800.934 MiB, 24.107 MiTransferred:   	  740.232 MiB / 4.954 GiB, 15%, 20.529 MiB/s, ETA 3m31s
Checks:                48 / 48, 100%, Listed 4764
Transferred:           53 / 3120, 2%
Elapsed time:      1m24.0s
Transferring:
 * -AI-PDF-/The Foragers …Edible Wild Plants.pdf: 82% / 800.934 MiB, 24.107 MiTransferred:   	  752.732 MiB / 4.954 GiB, 15%, 20.730 MiB/s, ETA 3m28s
Checks:                48 / 48, 100%, Listed 4769
Transferred:           53 / 3121, 2%
Elapsed time:      1m24.5s
Transferring:
 * -AI-PDF-/The Foragers …Edible Wild Plants.pdf: 83% / 800.934 MiB, 24.100 MiTransferred:   	  765.357 MiB / 4.954 GiB, 15%, 20.730 MiB/s, ETA 3m27s
Checks:                48 / 48, 100%, Listed 4782
Transferred:           53 / 3123, 2%
Elapsed time:      1m25.0s
Transferring:
 * -AI-PDF-/The Foragers …Edible Wild Plants.pdf: 85% / 800.934 MiB, 24.100 MiTransferred:   	  778.607 MiB / 4.954 GiB, 15%, 21.060 MiB/s, ETA 3m23s
Checks:                48 / 48, 100%, Listed 4793
Transferred:           53 / 3127, 2%
Elapsed time:      1m25.5s
Transferring:
 * -AI-PDF-/The Foragers …Edible Wild Plants.pdf: 86% / 800.934 MiB, 24.195 MiTransferred:   	  790.357 MiB / 4.954 GiB, 16%, 21.060 MiB/s, ETA 3m23s
Checks:                48 / 48, 100%, Listed 4801
Transferred:           53 / 3134, 2%
Elapsed time:      1m26.0s
Transferring:
 * -AI-PDF-/The Foragers …Edible Wild Plants.pdf: 88% / 800.934 MiB, 24.195 MiTransferred:   	  804.357 MiB / 4.954 GiB, 16%, 21.353 MiB/s, ETA 3m19s
Checks:                48 / 48, 100%, Listed 4806
Transferred:           53 / 3136, 2%
Elapsed time:      1m26.5s
Transferring:
 * -AI-PDF-/The Foragers …Edible Wild Plants.pdf: 90% / 800.934 MiB, 24.308 MiTransferred:   	  816.982 MiB / 4.954 GiB, 16%, 21.353 MiB/s, ETA 3m19s
Checks:                48 / 48, 100%, Listed 4820
Transferred:           53 / 3141, 2%
Elapsed time:      1m27.0s
Transferring:
 * -AI-PDF-/The Foragers …Edible Wild Plants.pdf: 91% / 800.934 MiB, 24.308 MiTransferred:   	  829.732 MiB / 4.955 GiB, 16%, 21.596 MiB/s, ETA 3m16s
Checks:                48 / 48, 100%, Listed 4826
Transferred:           53 / 3146, 2%
Elapsed time:      1m27.5s
Transferring:
 * -AI-PDF-/The Foragers …Edible Wild Plants.pdf: 93% / 800.934 MiB, 24.308 MiTransferred:   	  842.857 MiB / 4.955 GiB, 17%, 21.596 MiB/s, ETA 3m15s
Checks:                48 / 48, 100%, Listed 4831
Transferred:           53 / 3149, 2%
Elapsed time:      1m28.0s
Transferring:
 * -AI-PDF-/The Foragers …Edible Wild Plants.pdf: 94% / 800.934 MiB, 24.398 MiTransferred:   	  856.232 MiB / 4.955 GiB, 17%, 21.911 MiB/s, ETA 3m12s
Checks:                48 / 48, 100%, Listed 4832
Transferred:           53 / 3149, 2%
Elapsed time:      1m28.5s
Transferring:
 * -AI-PDF-/The Foragers …Edible Wild Plants.pdf: 96% / 800.934 MiB, 24.398 MiTransferred:   	  862.232 MiB / 4.956 GiB, 17%, 21.911 MiB/s, ETA 3m12s
Checks:                48 / 48, 100%, Listed 4835
Transferred:           53 / 3150, 2%
Elapsed time:      1m29.0s
Transferring:
 * -AI-PDF-/The Foragers …Edible Wild Plants.pdf: 97% / 800.934 MiB, 24.506 MiTransferred:   	  866.857 MiB / 4.956 GiB, 17%, 21.221 MiB/s, ETA 3m18s
Checks:                48 / 48, 100%, Listed 4840
Transferred:           53 / 3154, 2%
Elapsed time:      1m29.5s
Transferring:
 * -AI-PDF-/The Foragers …Edible Wild Plants.pdf: 97% / 800.934 MiB, 24.506 MiTransferred:   	  871.732 MiB / 4.956 GiB, 17%, 21.221 MiB/s, ETA 3m18s
Checks:                48 / 48, 100%, Listed 4867
Transferred:           53 / 3167, 2%
Elapsed time:      1m30.0s
Transferring:
 * -AI-PDF-/The Foragers …Edible Wild Plants.pdf: 98% / 800.934 MiB, 23.646 MiTransferred:   	  876.232 MiB / 4.956 GiB, 17%, 20.473 MiB/s, ETA 3m25s
Checks:                48 / 48, 100%, Listed 4873
Transferred:           53 / 3168, 2%
Elapsed time:      1m30.5s
Transferring:
 * -AI-PDF-/The Foragers …Edible Wild Plants.pdf: 99% / 800.934 MiB, 23.646 MiTransferred:   	  881.232 MiB / 4.956 GiB, 17%, 20.473 MiB/s, ETA 3m24s
Checks:                48 / 48, 100%, Listed 4876
Transferred:           53 / 3171, 2%
Elapsed time:      1m31.0s
Transferring:
 * -AI-PDF-/The Foragers …Edible Wild Plants.pdf: 99% / 800.934 MiB, 22.747 MiTransferred:   	  883.416 MiB / 4.956 GiB, 17%, 19.650 MiB/s, ETA 3m33s
Checks:                48 / 48, 100%, Listed 4884
Transferred:           53 / 3174, 2%
Elapsed time:      1m31.5s
Transferring:
 * -AI-PDF-/The Foragers …Edible Wild Plants.pdf:100% / 800.934 MiB, 22.747 MiTransferred:   	  883.416 MiB / 4.962 GiB, 17%, 19.650 MiB/s, ETA 3m33s
Checks:                48 / 48, 100%, Listed 4910
Transferred:           53 / 3194, 2%
Elapsed time:      1m32.0s
Transferring:
 * -AI-PDF-/The Foragers …Edible Wild Plants.pdf:100% / 800.934 MiB, 21.774 MiTransferred:   	  883.416 MiB / 4.962 GiB, 17%, 18.422 MiB/s, ETA 3m47s
Checks:                48 / 48, 100%, Listed 4928
Transferred:           53 / 3208, 2%
Elapsed time:      1m32.5s
Transferring:
 * -AI-PDF-/The Foragers …Edible Wild Plants.pdf:100% / 800.934 MiB, 21.774 MiTransferred:   	  883.416 MiB / 4.962 GiB, 17%, 18.422 MiB/s, ETA 3m47s
Checks:                48 / 48, 100%, Listed 4932
Transferred:           53 / 3210, 2%
Elapsed time:      1m33.0s
Transferring:
 * -AI-PDF-/The Foragers …Edible Wild Plants.pdf:100% / 800.934 MiB, 20.413 MiTransferred:   	  883.416 MiB / 4.962 GiB, 17%, 17.270 MiB/s, ETA 4m3s
Checks:                48 / 48, 100%, Listed 4937
Transferred:           53 / 3214, 2%
Elapsed time:      1m33.5s
Transferring:
 * -AI-PDF-/The Foragers …Edible Wild Plants.pdf:100% / 800.934 MiB, 20.413 Mi
2026/08/16 16:12:05 NOTICE: COSMIC-BRAIN/Metaphz/https:／／noteboo.txt: Duplicate object found in source - ignoring
Transferred:   	  883.416 MiB / 5.047 GiB, 17%, 17.270 MiB/s, ETA 4m8s
Checks:                48 / 48, 100%, Listed 4947
Transferred:           53 / 3221, 2%
Elapsed time:      1m33.8s
Transferring:
 * -AI-PDF-/The Foragers …Edible Wild Plants.pdf:100% / 800.934 MiB, 19.137 Mi
2026/08/16 16:12:05 NOTICE: COSMIC-BRAIN/Metaphz/https:／／noteboo.txt: Duplicate object found in source - ignoring
Transferred:   	  883.416 MiB / 5.047 GiB, 17%, 17.270 MiB/s, ETA 4m8s
Checks:                48 / 48, 100%, Listed 4947
Transferred:           53 / 3221, 2%
Elapsed time:      1m33.8s
Transferring:
 * -AI-PDF-/The Foragers …Edible Wild Plants.pdf:100% / 800.934 MiB, 19.137 Mi
2026/08/16 16:12:05 NOTICE: COSMIC-BRAIN/Metaphz/https:／／noteboo.txt: Duplicate object found in source - ignoring
Transferred:   	  883.416 MiB / 5.047 GiB, 17%, 17.270 MiB/s, ETA 4m8s
Checks:                48 / 48, 100%, Listed 4947
Transferred:           53 / 3221, 2%
Elapsed time:      1m33.8s
Transferring:
 * -AI-PDF-/The Foragers …Edible Wild Plants.pdf:100% / 800.934 MiB, 19.137 MiTransferred:   	  883.416 MiB / 5.047 GiB, 17%, 17.270 MiB/s, ETA 4m8s
Checks:                48 / 48, 100%, Listed 4947
Transferred:           53 / 3221, 2%
Elapsed time:      1m34.0s
Transferring:
 * -AI-PDF-/The Foragers …Edible Wild Plants.pdf:100% / 800.934 MiB, 19.137 MiTransferred:   	  883.416 MiB / 5.047 GiB, 17%, 16.191 MiB/s, ETA 4m24s
Checks:                48 / 48, 100%, Listed 4951
Transferred:           53 / 3222, 2%
Elapsed time:      1m34.5s
Transferring:
 * -AI-PDF-/The Foragers …Edible Wild Plants.pdf:100% / 800.934 MiB, 19.137 MiTransferred:   	  883.416 MiB / 5.047 GiB, 17%, 16.191 MiB/s, ETA 4m24s
Checks:                48 / 48, 100%, Listed 4975
Transferred:           53 / 3239, 2%
Elapsed time:      1m35.0s
Transferring:
 * -AI-PDF-/The Foragers …Edible Wild Plants.pdf:100% / 800.934 MiB, 17.941 MiTransferred:   	  883.416 MiB / 5.047 GiB, 17%, 16.191 MiB/s, ETA 4m24s
Checks:                48 / 48, 100%, Listed 4986
Transferred:           54 / 3248, 2%
Elapsed time:      1m35.5s
Transferring:
 * -AI-PDF-/The Hidden Ar… AI Memory Systems.pdf: transferringTransferred:   	  883.447 MiB / 5.030 GiB, 17%, 16.191 MiB/s, ETA 4m23s
Checks:                48 / 48, 100%, Listed 4990
Transferred:           55 / 3249, 2%
Elapsed time:      1m36.0s
Transferring:
 *    -AI-PDF-/VULTURE OS Tactical Blueprint.pdf: transferringTransferred:   	  883.447 MiB / 5.030 GiB, 17%, 16.191 MiB/s, ETA 4m23s
Checks:                48 / 48, 100%, Listed 4995
Transferred:           55 / 3253, 2%
Elapsed time:      1m36.5s
Transferring:
 *    -AI-PDF-/VULTURE OS Tactical Blueprint.pdf: transferringTransferred:   	  883.447 MiB / 5.030 GiB, 17%, 15.181 MiB/s, ETA 4m41s
Checks:                48 / 48, 100%, Listed 5007
Transferred:           55 / 3253, 2%
Elapsed time:      1m37.0s
Transferring:
 *    -AI-PDF-/VULTURE OS Tactical Blueprint.pdf: transferringTransferred:   	  883.447 MiB / 5.030 GiB, 17%, 15.181 MiB/s, ETA 4m41s
Checks:                48 / 48, 100%, Listed 5025
Transferred:           55 / 3263, 2%
Elapsed time:      1m37.5s
Transferring:
 *    -AI-PDF-/VULTURE OS Tactical Blueprint.pdf: transferringTransferred:   	  883.447 MiB / 5.030 GiB, 17%, 14.232 MiB/s, ETA 4m59s
Checks:                48 / 48, 100%, Listed 5031
Transferred:           55 / 3266, 2%
Elapsed time:      1m38.0s
Transferring:
 *    -AI-PDF-/VULTURE OS Tactical Blueprint.pdf: transferringTransferred:   	  883.447 MiB / 5.030 GiB, 17%, 14.232 MiB/s, ETA 4m59s
Checks:                48 / 48, 100%, Listed 5078
Transferred:           55 / 3302, 2%
Elapsed time:      1m38.5s
Transferring:
 *    -AI-PDF-/VULTURE OS Tactical Blueprint.pdf: transferringTransferred:   	  883.447 MiB / 5.030 GiB, 17%, 13.343 MiB/s, ETA 5m19s
Checks:                48 / 48, 100%, Listed 5078
Transferred:           55 / 3302, 2%
Elapsed time:      1m39.0s
Transferring:
 *    -AI-PDF-/VULTURE OS Tactical Blueprint.pdf: transferringTransferred:   	  883.447 MiB / 5.030 GiB, 17%, 13.343 MiB/s, ETA 5m19s
Checks:                48 / 48, 100%, Listed 5078
Transferred:           55 / 3302, 2%
Elapsed time:      1m39.5s
Transferring:
 *    -AI-PDF-/VULTURE OS Tactical Blueprint.pdf: transferringTransferred:   	  883.447 MiB / 5.030 GiB, 17%, 12.509 MiB/s, ETA 5m41s
Checks:                48 / 48, 100%, Listed 5078
Transferred:           55 / 3302, 2%
Elapsed time:      1m40.0s
Transferring:
 *    -AI-PDF-/VULTURE OS Tactical Blueprint.pdf: transferringTransferred:   	  883.447 MiB / 5.030 GiB, 17%, 12.509 MiB/s, ETA 5m41s
Checks:                48 / 48, 100%, Listed 5078
Transferred:           55 / 3302, 2%
Elapsed time:      1m40.5s
Transferring:
 *    -AI-PDF-/VULTURE OS Tactical Blueprint.pdf: transferringTransferred:   	  883.447 MiB / 5.030 GiB, 17%, 11.727 MiB/s, ETA 6m3s
Checks:                48 / 48, 100%, Listed 5078
Transferred:           55 / 3302, 2%
Elapsed time:      1m41.0s
Transferring:
 *    -AI-PDF-/VULTURE OS Tactical Blueprint.pdf: transferringTransferred:   	  883.447 MiB / 5.047 GiB, 17%, 11.727 MiB/s, ETA 6m5s
Checks:                48 / 48, 100%, Listed 5078
Transferred:           55 / 3302, 2%
Elapsed time:      1m41.5s
Transferring:
 *    -AI-PDF-/VULTURE OS Tactical Blueprint.pdf:  0% / 17.246 MiB, 0 B/s, -Transferred:   	  886.443 MiB / 5.048 GiB, 17%, 11.119 MiB/s, ETA 6m25s
Checks:                48 / 48, 100%, Listed 5086
Transferred:           55 / 3306, 2%
Elapsed time:      1m42.0s
Transferring:
 *    -AI-PDF-/VULTURE OS Tactical Blueprint.pdf: 17% / 17.246 MiB, 0 B/s, -Transferred:   	  891.193 MiB / 5.048 GiB, 17%, 11.119 MiB/s, ETA 6m24s
Checks:                48 / 48, 100%, Listed 5086
Transferred:           55 / 3306, 2%
Elapsed time:      1m42.5s
Transferring:
 *    -AI-PDF-/VULTURE OS Tactical Blueprint.pdf: 44% / 17.246 MiB, 6.989 MiB/s,Transferred:   	  895.755 MiB / 5.048 GiB, 17%, 10.987 MiB/s, ETA 6m28s
Checks:                48 / 48, 100%, Listed 5086
Transferred:           55 / 3306, 2%
Elapsed time:      1m43.0s
Transferring:
 *    -AI-PDF-/VULTURE OS Tactical Blueprint.pdf: 71% / 17.246 MiB, 6.989 MiB/s,Transferred:   	  900.692 MiB / 5.048 GiB, 17%, 10.987 MiB/s, ETA 6m28s
Checks:                48 / 48, 100%, Listed 5087
Transferred:           56 / 3307, 2%
Elapsed time:      1m43.5s
Transferring:
 * -AI-PDF-/Which code se… Android ARM archi.pdf: transferringTransferred:   	  900.692 MiB / 5.048 GiB, 17%, 10.987 MiB/s, ETA 6m28s
Checks:                48 / 48, 100%, Listed 5087
Transferred:           56 / 3307, 2%
Elapsed time:      1m44.0s
Transferring:
 * -AI-PDF-/Which code se… Android ARM archi.pdf: transferringTransferred:   	  900.692 MiB / 5.048 GiB, 17%, 10.690 MiB/s, ETA 6m39s
Checks:                48 / 48, 100%, Listed 5087
Transferred:           56 / 3307, 2%
Elapsed time:      1m44.5s
Transferring:
 * -AI-PDF-/Which code se… Android ARM archi.pdf: transferringTransferred:   	  900.692 MiB / 5.048 GiB, 17%, 10.690 MiB/s, ETA 6m39s
Checks:                48 / 48, 100%, Listed 5087
Transferred:           56 / 3307, 2%
Elapsed time:      1m45.0s
Transferring:
 * -AI-PDF-/Which code se… Android ARM archi.pdf: transferringTransferred:   	  900.692 MiB / 5.048 GiB, 17%, 10.022 MiB/s, ETA 7m5s
Checks:                48 / 48, 100%, Listed 5088
Transferred:           56 / 3307, 2%
Elapsed time:      1m45.5s
Transferring:
 * -AI-PDF-/Which code se… Android ARM archi.pdf: transferringTransferred:   	  900.692 MiB / 5.048 GiB, 17%, 10.022 MiB/s, ETA 7m5s
Checks:                48 / 48, 100%, Listed 5105
Transferred:           56 / 3319, 2%
Elapsed time:      1m46.0s
Transferring:
 * -AI-PDF-/Which code se… Android ARM archi.pdf: transferringTransferred:   	  900.692 MiB / 5.048 GiB, 17%, 9.396 MiB/s, ETA 7m34s
Checks:                48 / 48, 100%, Listed 5105
Transferred:           56 / 3319, 2%
Elapsed time:      1m46.5s
Transferring:
 * -AI-PDF-/Which code se… Android ARM archi.pdf: transferringTransferred:   	  900.692 MiB / 5.048 GiB, 17%, 9.396 MiB/s, ETA 7m34s
Checks:                48 / 48, 100%, Listed 5105
Transferred:           56 / 3319, 2%
Elapsed time:      1m47.0s
Transferring:
 * -AI-PDF-/Which code se… Android ARM archi.pdf: transferringTransferred:   	  900.692 MiB / 5.048 GiB, 17%, 8.809 MiB/s, ETA 8m4s
Checks:                48 / 48, 100%, Listed 5105
Transferred:           56 / 3319, 2%
Elapsed time:      1m47.5s
Transferring:
 * -AI-PDF-/Which code se… Android ARM archi.pdf: transferringTransferred:   	  900.692 MiB / 5.048 GiB, 17%, 8.809 MiB/s, ETA 8m4s
Checks:                48 / 48, 100%, Listed 5105
Transferred:           56 / 3319, 2%
Elapsed time:      1m48.0s
Transferring:
 * -AI-PDF-/Which code se… Android ARM archi.pdf: transferringTransferred:   	  900.692 MiB / 5.048 GiB, 17%, 8.258 MiB/s, ETA 8m36s
Checks:                48 / 48, 100%, Listed 5105
Transferred:           56 / 3319, 2%
Elapsed time:      1m48.5s
Transferring:
 * -AI-PDF-/Which code se… Android ARM archi.pdf: transferringTransferred:   	  900.692 MiB / 5.048 GiB, 17%, 8.258 MiB/s, ETA 8m36s
Checks:                48 / 48, 100%, Listed 5105
Transferred:           56 / 3319, 2%
Elapsed time:      1m49.0s
Transferring:
 * -AI-PDF-/Which code se… Android ARM archi.pdf: transferringTransferred:   	  900.692 MiB / 5.048 GiB, 17%, 7.742 MiB/s, ETA 9m11s
Checks:                48 / 48, 100%, Listed 5105
Transferred:           56 / 3319, 2%
Elapsed time:      1m49.5s
Transferring:
 * -AI-PDF-/Which code se… Android ARM archi.pdf: transferringTransferred:   	  900.692 MiB / 5.048 GiB, 17%, 7.742 MiB/s, ETA 9m11s
Checks:                48 / 48, 100%, Listed 5106
Transferred:           56 / 3320, 2%
Elapsed time:      1m50.0s
Transferring:
 * -AI-PDF-/Which code se… Android ARM archi.pdf: transferringTransferred:   	  900.692 MiB / 5.048 GiB, 17%, 7.258 MiB/s, ETA 9m48s
Checks:                48 / 48, 100%, Listed 5106
Transferred:           56 / 3320, 2%
Elapsed time:      1m50.5s
Transferring:
 * -AI-PDF-/Which code se… Android ARM archi.pdf: transferringTransferred:   	  900.692 MiB / 5.048 GiB, 17%, 7.258 MiB/s, ETA 9m48s
Checks:                48 / 48, 100%, Listed 5106
Transferred:           56 / 3320, 2%
Elapsed time:      1m51.0s
Transferring:
 * -AI-PDF-/Which code se… Android ARM archi.pdf: transferringTransferred:   	  900.692 MiB / 5.048 GiB, 17%, 6.805 MiB/s, ETA 10m27s
Checks:                48 / 48, 100%, Listed 5106
Transferred:           56 / 3320, 2%
Elapsed time:      1m51.5s
Transferring:
 * -AI-PDF-/Which code se… Android ARM archi.pdf: transferringTransferred:   	  900.692 MiB / 5.048 GiB, 17%, 6.805 MiB/s, ETA 10m27s
Checks:                48 / 48, 100%, Listed 5106
Transferred:           56 / 3320, 2%
Elapsed time:      1m52.0s
Transferring:
 * -AI-PDF-/Which code se… Android ARM archi.pdf: transferringTransferred:   	  900.692 MiB / 5.048 GiB, 17%, 6.379 MiB/s, ETA 11m9s
Checks:                48 / 48, 100%, Listed 5106
Transferred:           56 / 3320, 2%
Elapsed time:      1m52.5s
Transferring:
 * -AI-PDF-/Which code se… Android ARM archi.pdf: transferringTransferred:   	  900.692 MiB / 5.048 GiB, 17%, 6.379 MiB/s, ETA 11m9s
Checks:                48 / 48, 100%, Listed 5106
Transferred:           56 / 3320, 2%
Elapsed time:      1m53.0s
Transferring:
 * -AI-PDF-/Which code se… Android ARM archi.pdf: transferringTransferred:   	  900.692 MiB / 5.048 GiB, 17%, 5.981 MiB/s, ETA 11m53s
Checks:                48 / 48, 100%, Listed 5109
Transferred:           56 / 3322, 2%
Elapsed time:      1m53.5s
Transferring:
 * -AI-PDF-/Which code se… Android ARM archi.pdf: transferringTransferred:   	  900.692 MiB / 5.052 GiB, 17%, 5.981 MiB/s, ETA 11m54s
Checks:                48 / 48, 100%, Listed 5114
Transferred:           56 / 3327, 2%
Elapsed time:      1m54.0s
Transferring:
 * -AI-PDF-/Which code se… Android ARM archi.pdf: transferringTransferred:   	  900.692 MiB / 5.054 GiB, 17%, 5.607 MiB/s, ETA 12m42s
Checks:                48 / 48, 100%, Listed 5124
Transferred:           56 / 3336, 2%
Elapsed time:      1m54.5s
Transferring:
 * -AI-PDF-/Which code se… Android ARM archi.pdf: transferringTransferred:   	  900.692 MiB / 5.058 GiB, 17%, 5.607 MiB/s, ETA 12m43s
Checks:                48 / 48, 100%, Listed 5140
Transferred:           56 / 3350, 2%
Elapsed time:      1m55.0s
Transferring:
 * -AI-PDF-/Which code se… Android ARM archi.pdf: transferringTransferred:   	  900.998 MiB / 5.058 GiB, 17%, 5.607 MiB/s, ETA 12m43s
Checks:                48 / 48, 100%, Listed 5148
Transferred:           57 / 3358, 2%
Elapsed time:      1m55.5s
Transferring:
 * -AI-PDF-/Which embeddi…est locally on CPU.pdf: transferringTransferred:   	  900.998 MiB / 5.058 GiB, 17%, 5.607 MiB/s, ETA 12m43s
Checks:                48 / 48, 100%, Listed 5148
Transferred:           57 / 3358, 2%
Elapsed time:      1m56.0s
Transferring:
 * -AI-PDF-/Which embeddi…est locally on CPU.pdf: transferringTransferred:   	  900.998 MiB / 5.058 GiB, 17%, 5.275 MiB/s, ETA 13m30s
Checks:                48 / 48, 100%, Listed 5148
Transferred:           57 / 3358, 2%
Elapsed time:      1m56.5s
Transferring:
 * -AI-PDF-/Which embeddi…est locally on CPU.pdf: transferringTransferred:   	  900.998 MiB / 5.058 GiB, 17%, 5.275 MiB/s, ETA 13m30s
Checks:                48 / 48, 100%, Listed 5151
Transferred:           57 / 3361, 2%
Elapsed time:      1m57.0s
Transferring:
 * -AI-PDF-/Which embeddi…est locally on CPU.pdf: transferringTransferred:   	  900.998 MiB / 5.058 GiB, 17%, 4.946 MiB/s, ETA 14m25s
Checks:                48 / 48, 100%, Listed 5151
Transferred:           57 / 3361, 2%
Elapsed time:      1m57.5s
Transferring:
 * -AI-PDF-/Which embeddi…est locally on CPU.pdf: transferringTransferred:   	  900.998 MiB / 5.058 GiB, 17%, 4.946 MiB/s, ETA 14m25s
Checks:                48 / 48, 100%, Listed 5153
Transferred:           57 / 3361, 2%
Elapsed time:      1m58.0s
Transferring:
 * -AI-PDF-/Which embeddi…est locally on CPU.pdf: transferringTransferred:   	  900.998 MiB / 5.058 GiB, 17%, 4.637 MiB/s, ETA 15m22s
Checks:                48 / 48, 100%, Listed 5153
Transferred:           57 / 3361, 2%
Elapsed time:      1m58.5s
Transferring:
 * -AI-PDF-/Which embeddi…est locally on CPU.pdf: transferringTransferred:   	  900.998 MiB / 5.058 GiB, 17%, 4.637 MiB/s, ETA 15m22s
Checks:                48 / 48, 100%, Listed 5153
Transferred:           57 / 3361, 2%
Elapsed time:      1m59.0s
Transferring:
 * -AI-PDF-/Which embeddi…est locally on CPU.pdf: transferringTransferred:   	  900.998 MiB / 5.058 GiB, 17%, 4.347 MiB/s, ETA 16m24s
Checks:                48 / 48, 100%, Listed 5153
Transferred:           57 / 3361, 2%
Elapsed time:      1m59.5s
Transferring:
 * -AI-PDF-/Which embeddi…est locally on CPU.pdf: transferringTransferred:   	  900.998 MiB / 5.058 GiB, 17%, 4.347 MiB/s, ETA 16m24s
Checks:                48 / 48, 100%, Listed 5153
Transferred:           57 / 3361, 2%
Elapsed time:       2m0.0s
Transferring:
 * -AI-PDF-/Which embeddi…est locally on CPU.pdf: transferringTransferred:   	  901.327 MiB / 5.058 GiB, 17%, 4.075 MiB/s, ETA 17m29s
Checks:                48 / 48, 100%, Listed 5153
Transferred:           58 / 3361, 2%
Elapsed time:       2m0.5s
Transferring:
 *                          -AI-PDF-/Yes (1).pdf: transferringTransferred:   	  901.327 MiB / 5.058 GiB, 17%, 4.075 MiB/s, ETA 17m29s
Checks:                48 / 48, 100%, Listed 5153
Transferred:           58 / 3361, 2%
Elapsed time:       2m1.0s
Transferring:
 *                          -AI-PDF-/Yes (1).pdf: transferringTransferred:   	  901.413 MiB / 5.058 GiB, 17%, 4.075 MiB/s, ETA 17m29s
Checks:                48 / 48, 100%, Listed 5158
Transferred:           59 / 3363, 2%
Elapsed time:       2m1.5s
Transferring:
 *                              -AI-PDF-/Yes.pdf: transferringTransferred:   	  901.413 MiB / 5.058 GiB, 17%, 4.075 MiB/s, ETA 17m29s
Checks:                48 / 48, 100%, Listed 5159
Transferred:           59 / 3364, 2%
Elapsed time:       2m2.0s
Transferring:
 *                              -AI-PDF-/Yes.pdf: transferringTransferred:   	  901.497 MiB / 5.057 GiB, 17%, 4.075 MiB/s, ETA 17m29s
Checks:                48 / 48, 100%, Listed 5159
Transferred:           60 / 3364, 2%
Elapsed time:       2m2.5s
Transferring:
 * -AI-PDF-/You’re sittin…ount of momentum h.pdf: transferringTransferred:   	  901.497 MiB / 5.057 GiB, 17%, 4.075 MiB/s, ETA 17m29s
Checks:                48 / 48, 100%, Listed 5159
Transferred:           60 / 3364, 2%
Elapsed time:       2m3.0s
Transferring:
 * -AI-PDF-/You’re sittin…ount of momentum h.pdf: transferringTransferred:   	  901.497 MiB / 5.057 GiB, 17%, 3.852 MiB/s, ETA 18m30s
Checks:                48 / 48, 100%, Listed 5174
Transferred:           60 / 3378, 2%
Elapsed time:       2m3.5s
Transferring:
 * -AI-PDF-/You’re sittin…ount of momentum h.pdf: transferringTransferred:   	  902.260 MiB / 5.058 GiB, 17%, 3.852 MiB/s, ETA 18m30s
Checks:                48 / 48, 100%, Listed 5179
Transferred:           61 / 3380, 2%
Elapsed time:       2m4.0s
Transferring:
 *                          -AI-PDF-/bigtime.pdf: transferringTransferred:   	  902.260 MiB / 5.058 GiB, 17%, 3.852 MiB/s, ETA 18m30s
Checks:                48 / 48, 100%, Listed 5193
Transferred:           61 / 3391, 2%
Elapsed time:       2m4.5s
Transferring:
 *                          -AI-PDF-/bigtime.pdf: transferringTransferred:   	  902.467 MiB / 5.058 GiB, 17%, 3.852 MiB/s, ETA 18m30s
Checks:                48 / 48, 100%, Listed 5209
Transferred:           62 / 3397, 2%
Elapsed time:       2m5.0s
Transferring:
 * -AI-PDF-/build our own…ase for our own ml.pdf: transferringTransferred:   	  902.467 MiB / 5.058 GiB, 17%, 3.852 MiB/s, ETA 18m30s
Checks:                48 / 48, 100%, Listed 5217
Transferred:           62 / 3402, 2%
Elapsed time:       2m5.5s
Transferring:
 * -AI-PDF-/build our own…ase for our own ml.pdf: transferringTransferred:   	  902.778 MiB / 5.059 GiB, 17%, 3.852 MiB/s, ETA 18m30s
Checks:                48 / 48, 100%, Listed 5234
Transferred:           63 / 3413, 2%
Elapsed time:       2m6.0s
Transferring:
 *   -AI-PDF-/can you see all new data here_.pdf: transferringTransferred:   	  902.778 MiB / 5.059 GiB, 17%, 3.852 MiB/s, ETA 18m30s
Checks:                48 / 48, 100%, Listed 5237
Transferred:           63 / 3415, 2%
Elapsed time:       2m6.5s
Transferring:
 *   -AI-PDF-/can you see all new data here_.pdf: transferringTransferred:   	  902.929 MiB / 5.059 GiB, 17%, 3.691 MiB/s, ETA 19m18s
Checks:                48 / 48, 100%, Listed 5253
Transferred:           64 / 3431, 2%
Elapsed time:       2m7.0s
Transferring:
 *                             -AI-PDF-/eula.pdf: transferring
2026/08/16 16:12:38 NOTICE: COSMIC-BRAIN/STORY-SAGA/TXT-48166e0d.txt: Duplicate object found in source - ignoring
Transferred:   	  902.929 MiB / 5.060 GiB, 17%, 3.691 MiB/s, ETA 19m19s
Checks:                48 / 48, 100%, Listed 5279
Transferred:           64 / 3443, 2%
Elapsed time:       2m7.1s
Transferring:
 *                             -AI-PDF-/eula.pdf: transferringTransferred:   	  902.929 MiB / 5.060 GiB, 17%, 3.691 MiB/s, ETA 19m19s
Checks:                48 / 48, 100%, Listed 5280
Transferred:           64 / 3454, 2%
Elapsed time:       2m7.5s
Transferring:
 *                             -AI-PDF-/eula.pdf: transferringTransferred:   	  903.120 MiB / 5.060 GiB, 17%, 3.691 MiB/s, ETA 19m19s
Checks:                48 / 48, 100%, Listed 5294
Transferred:           65 / 3464, 2%
Elapsed time:       2m8.0s
Transferring:
 *       -AI-PDF-/integrate any improvements.pdf: transferringTransferred:   	  903.120 MiB / 5.060 GiB, 17%, 3.691 MiB/s, ETA 19m19s
Checks:                48 / 48, 100%, Listed 5300
Transferred:           65 / 3467, 2%
Elapsed time:       2m8.5s
Transferring:
 *       -AI-PDF-/integrate any improvements.pdf: transferringTransferred:   	  903.419 MiB / 5.060 GiB, 17%, 3.491 MiB/s, ETA 20m25s
Checks:                48 / 48, 100%, Listed 5302
Transferred:           66 / 3468, 2%
Elapsed time:       2m9.0s
Transferring:
 * -AI-PDF-/its cool, i a…dy started to work.pdf: transferringTransferred:   	  903.419 MiB / 5.060 GiB, 17%, 3.491 MiB/s, ETA 20m25s
Checks:                48 / 48, 100%, Listed 5302
Transferred:           66 / 3468, 2%
Elapsed time:       2m9.5s
Transferring:
 * -AI-PDF-/its cool, i a…dy started to work.pdf: transferringTransferred:   	  903.680 MiB / 5.649 GiB, 16%, 3.292 MiB/s, ETA 24m42s
Checks:                48 / 48, 100%, Listed 5341
Transferred:           67 / 3504, 2%
Elapsed time:      2m10.0s
Transferring:
 *                          -AI-PDF-/medical.PDF: transferringTransferred:   	  903.836 MiB / 5.649 GiB, 16%, 3.292 MiB/s, ETA 24m42s
Checks:                48 / 48, 100%, Listed 5342
Transferred:           67 / 3504, 2%
Elapsed time:      2m10.5s
Transferring:
 *                          -AI-PDF-/medical.PDF: 62% / 255.979 KiB, 0 B/s, -Transferred:   	  903.930 MiB / 5.649 GiB, 16%, 3.292 MiB/s, ETA 24m42s
Checks:                48 / 48, 100%, Listed 5343
Transferred:           68 / 3504, 2%
Elapsed time:      2m11.0s
Transferring:
 *                         -AI-PDF-/medical1.PDF: transferring
2026/08/16 16:12:42 NOTICE: GEO-BRAIN/COSMOLOGOS/G:/PortableApps/AssaultCubePortable/App/assaultcube/packages/models/mapmodels/toca/servercluster/U6_1: Duplicate directory found in source - ignoring
Transferred:   	  903.930 MiB / 5.649 GiB, 16%, 3.292 MiB/s, ETA 24m42s
Checks:                48 / 48, 100%, Listed 5352
Transferred:           68 / 3504, 2%
Elapsed time:      2m11.0s
Transferring:
 *                         -AI-PDF-/medical1.PDF: transferring
2026/08/16 16:12:42 NOTICE: GEO-BRAIN/COSMOLOGOS/G:/PortableApps/AssaultCubePortable/App/assaultcube/packages/models/mapmodels/toca/servercluster/U6_2: Duplicate directory found in source - ignoring
Transferred:   	  903.930 MiB / 5.649 GiB, 16%, 3.292 MiB/s, ETA 24m42s
Checks:                48 / 48, 100%, Listed 5352
Transferred:           68 / 3504, 2%
Elapsed time:      2m11.0s
Transferring:
 *                         -AI-PDF-/medical1.PDF: transferring
2026/08/16 16:12:42 NOTICE: GEO-BRAIN/COSMOLOGOS/G:/PortableApps/AssaultCubePortable/App/assaultcube/packages/models/mapmodels/toca/servercluster/rack: Duplicate directory found in source - ignoring
Transferred:   	  903.930 MiB / 5.649 GiB, 16%, 3.292 MiB/s, ETA 24m42s
Checks:                48 / 48, 100%, Listed 5352
Transferred:           68 / 3504, 2%
Elapsed time:      2m11.0s
Transferring:
 *                         -AI-PDF-/medical1.PDF: transferringTransferred:   	  904.193 MiB / 5.649 GiB, 16%, 3.292 MiB/s, ETA 24m42s
Checks:                48 / 48, 100%, Listed 5354
Transferred:           69 / 3504, 2%
Elapsed time:      2m11.5s
Transferring:
 *                         -AI-PDF-/medical3.PDF: transferringTransferred:   	  904.193 MiB / 5.649 GiB, 16%, 3.292 MiB/s, ETA 24m42s
Checks:                48 / 48, 100%, Listed 5364
Transferred:           69 / 3512, 2%
Elapsed time:      2m12.0s
Transferring:
 *                         -AI-PDF-/medical3.PDF: transferringTransferred:   	  904.449 MiB / 5.649 GiB, 16%, 3.292 MiB/s, ETA 24m42s
Checks:                48 / 48, 100%, Listed 5365
Transferred:           70 / 3513, 2%
Elapsed time:      2m12.5s
Transferring:
 *                         -AI-PDF-/medical4.PDF: transferringTransferred:   	  904.699 MiB / 5.649 GiB, 16%, 3.292 MiB/s, ETA 24m42s
Checks:                48 / 48, 100%, Listed 5366
Transferred:           71 / 3514, 2%
Elapsed time:      2m13.0s
Transferring:
 *                         -AI-PDF-/medical5.PDF: transferringTransferred:   	  904.855 MiB / 5.649 GiB, 16%, 3.292 MiB/s, ETA 24m42s
Checks:                48 / 48, 100%, Listed 5404
Transferred:           71 / 3534, 2%
Elapsed time:      2m13.5s
Transferring:
 *                         -AI-PDF-/medical5.PDF: 62% / 257.911 KiB, 0 B/s, -Transferred:   	  904.951 MiB / 5.649 GiB, 16%, 3.292 MiB/s, ETA 24m42s
Checks:                48 / 48, 100%, Listed 5413
Transferred:           72 / 3536, 2%
Elapsed time:      2m14.0s
Transferring:
 *                               -AI-PDF-/ok.pdf: transferringTransferred:   	  905.213 MiB / 5.648 GiB, 16%, 3.292 MiB/s, ETA 24m41s
Checks:                48 / 48, 100%, Listed 5443
Transferred:           73 / 3559, 2%
Elapsed time:      2m14.5s
Transferring:
 *                           -AI-PDF-/ovbslaught: transferringTransferred:   	  905.213 MiB / 5.648 GiB, 16%, 3.292 MiB/s, ETA 24m41s
Checks:                48 / 48, 100%, Listed 5447
Transferred:           73 / 3562, 2%
Elapsed time:      2m15.0s
Transferring:
 *                           -AI-PDF-/ovbslaught: transferringTransferred:   	  905.213 MiB / 5.648 GiB, 16%, 3.188 MiB/s, ETA 25m29s
Checks:                48 / 48, 100%, Listed 5449
Transferred:           73 / 3564, 2%
Elapsed time:      2m15.5s
Transferring:
 *                           -AI-PDF-/ovbslaught: transferringTransferred:   	  905.272 MiB / 5.650 GiB, 16%, 3.188 MiB/s, ETA 25m30s
Checks:                48 / 48, 100%, Listed 5458
Transferred:           73 / 3571, 2%
Elapsed time:      2m16.0s
Transferring:
 *                           -AI-PDF-/ovbslaught:  2% / 2.029 MiB, 0 B/s, -Transferred:   	  907.242 MiB / 5.650 GiB, 16%, 3.188 MiB/s, ETA 25m29s
Checks:                48 / 48, 100%, Listed 5478
Transferred:           74 / 3581, 2%
Elapsed time:      2m16.5s
Transferring:
 *                              -AI-PDF-/pdf.pdf: transferringTransferred:   	  907.397 MiB / 5.657 GiB, 16%, 3.188 MiB/s, ETA 25m32s
Checks:                48 / 48, 100%, Listed 5541
Transferred:           75 / 3644, 2%
Elapsed time:      2m17.0s
Transferring:
 * -AI-PDF-/populate all …heets, algorthms m.pdf: transferringTransferred:   	  907.397 MiB / 5.657 GiB, 16%, 3.188 MiB/s, ETA 25m32s
Checks:                48 / 48, 100%, Listed 5547
Transferred:           75 / 3648, 2%
Elapsed time:      2m17.5s
Transferring:
 * -AI-PDF-/populate all …heets, algorthms m.pdf: transferring
2026/08/16 16:12:49 NOTICE: GEO-BRAIN/COSMOLOGOS/G:/PortableApps/AssaultCubePortable/App/assaultcube/packages/models/mapmodels/wotwot/toca_guardrail2_dull/gr2pole: Duplicate directory found in source - ignoring
Transferred:   	  907.584 MiB / 5.657 GiB, 16%, 3.188 MiB/s, ETA 25m32s
Checks:                48 / 48, 100%, Listed 5553
Transferred:           75 / 3650, 2%
Elapsed time:      2m17.7s
Transferring:
 * -AI-PDF-/populate all …heets, algorthms m.pdf: 57% / 332.503 KiB, 0 B/s, -
2026/08/16 16:12:49 NOTICE: GEO-BRAIN/COSMOLOGOS/G:/PortableApps/AssaultCubePortable/App/assaultcube/packages/models/mapmodels/toca/stairs_aqueous/stairs1: Duplicate directory found in source - ignoring
Transferred:   	  907.721 MiB / 5.657 GiB, 16%, 3.188 MiB/s, ETA 25m32s
Checks:                48 / 48, 100%, Listed 5559
Transferred:           76 / 3650, 2%
Elapsed time:      2m17.8s
Transferring:
 * -AI-PDF-/two low end l…ltra top add to th.pdf: transferring
2026/08/16 16:12:49 NOTICE: GEO-BRAIN/COSMOLOGOS/G:/PortableApps/AssaultCubePortable/App/assaultcube/packages/models/mapmodels/toca/stairs_aqueous/stairs2: Duplicate directory found in source - ignoring
Transferred:   	  907.721 MiB / 5.657 GiB, 16%, 3.188 MiB/s, ETA 25m32s
Checks:                48 / 48, 100%, Listed 5559
Transferred:           76 / 3650, 2%
Elapsed time:      2m17.8s
Transferring:
 * -AI-PDF-/two low end l…ltra top add to th.pdf: transferring
2026/08/16 16:12:49 NOTICE: GEO-BRAIN/COSMOLOGOS/G:/PortableApps/AssaultCubePortable/App/assaultcube/packages/models/mapmodels/toca/stairs_aqueous/stairsacc: Duplicate directory found in source - ignoring
Transferred:   	  907.721 MiB / 5.657 GiB, 16%, 3.188 MiB/s, ETA 25m32s
Checks:                48 / 48, 100%, Listed 5559
Transferred:           76 / 3650, 2%
Elapsed time:      2m17.8s
Transferring:
 * -AI-PDF-/two low end l…ltra top add to th.pdf: transferringTransferred:   	  907.721 MiB / 5.657 GiB, 16%, 3.188 MiB/s, ETA 25m32s
Checks:                48 / 48, 100%, Listed 5561
Transferred:           76 / 3652, 2%
Elapsed time:      2m18.0s
Transferring:
 * -AI-PDF-/two low end l…ltra top add to th.pdf: transferringTransferred:   	  907.721 MiB / 5.657 GiB, 16%, 3.188 MiB/s, ETA 25m32s
Checks:                48 / 48, 100%, Listed 5562
Transferred:           76 / 3652, 2%
Elapsed time:      2m18.5s
Transferring:
 * -AI-PDF-/two low end l…ltra top add to th.pdf: transferringTransferred:   	  908.077 MiB / 5.657 GiB, 16%, 3.146 MiB/s, ETA 25m52s
Checks:                48 / 48, 100%, Listed 5571
Transferred:           77 / 3659, 2%
Elapsed time:      2m19.0s
Transferring:
 * -AI-PDF-/what about us…bsidian comet godo.pdf: transferringTransferred:   	  908.077 MiB / 5.657 GiB, 16%, 3.146 MiB/s, ETA 25m52s
Checks:                48 / 48, 100%, Listed 5578
Transferred:           77 / 3659, 2%
Elapsed time:      2m19.5s
Transferring:
 * -AI-PDF-/what about us…bsidian comet godo.pdf: transferringTransferred:   	  908.171 MiB / 5.657 GiB, 16%, 2.972 MiB/s, ETA 27m23s
Checks:                48 / 48, 100%, Listed 5601
Transferred:           77 / 3675, 2%
Elapsed time:      2m20.0s
Transferring:
 * -AI-PDF-/what about us…bsidian comet godo.pdf: 26% / 358.143 KiB, 0 B/s, -Transferred:   	  908.427 MiB / 5.657 GiB, 16%, 2.972 MiB/s, ETA 27m23s
Checks:                48 / 48, 100%, Listed 5610
Transferred:           78 / 3676, 2%
Elapsed time:      2m20.5s
Transferring:
 *                           -AI-PDF-/win 11.pdf: transferringTransferred:   	  908.427 MiB / 5.657 GiB, 16%, 2.972 MiB/s, ETA 27m23s
Checks:                48 / 48, 100%, Listed 5625
Transferred:           78 / 3691, 2%
Elapsed time:      2m21.0s
Transferring:
 *                           -AI-PDF-/win 11.pdf: transferringTransferred:   	  908.427 MiB / 5.657 GiB, 16%, 2.808 MiB/s, ETA 28m59s
Checks:                48 / 48, 100%, Listed 5636
Transferred:           78 / 3694, 2%
Elapsed time:      2m21.5s
Transferring:
 *                           -AI-PDF-/win 11.pdf: transferringTransferred:   	  908.772 MiB / 5.657 GiB, 16%, 2.808 MiB/s, ETA 28m59s
Checks:                48 / 48, 100%, Listed 5641
Transferred:           79 / 3695, 2%
Elapsed time:      2m22.0s
Transferring:
 * -AI-PDF-/🎆 __COSMIC KE…ION - FINAL STATUS.pdf: transferringTransferred:   	  908.772 MiB / 5.657 GiB, 16%, 2.808 MiB/s, ETA 28m59s
Checks:                48 / 48, 100%, Listed 5653
Transferred:           79 / 3701, 2%
Elapsed time:      2m22.5s
Transferring:
 * -AI-PDF-/🎆 __COSMIC KE…ION - FINAL STATUS.pdf: transferringTransferred:   	  909.073 MiB / 5.657 GiB, 16%, 2.654 MiB/s, ETA 30m40s
Checks:                48 / 48, 100%, Listed 5659
Transferred:           80 / 3707, 2%
Elapsed time:      2m23.0s
Transferring:
 *                         -SCRIPTS-/66cbd324.sh: transferring
2026/08/16 16:12:54 NOTICE: VULTURE-BRAIN/VULTURE-INC/Cosmic Key Color Palette & Design - LOCKED.md: Duplicate object found in source - ignoring
Transferred:   	  909.074 MiB / 5.658 GiB, 16%, 2.654 MiB/s, ETA 30m40s
Checks:                48 / 48, 100%, Listed 5711
Transferred:           81 / 3719, 2%
Elapsed time:      2m23.4s
Transferring:
 *                       -SCRIPTS-/Aggregator.py: transferring
2026/08/16 16:12:54 NOTICE: VULTURE-BRAIN/VULTURE-INC/Cosmic Key Color Palette & Design - LOCKED.pdf: Duplicate object found in source - ignoring
Transferred:   	  909.074 MiB / 5.658 GiB, 16%, 2.654 MiB/s, ETA 30m40s
Checks:                48 / 48, 100%, Listed 5711
Transferred:           81 / 3720, 2%
Elapsed time:      2m23.4s
Transferring:
 *                       -SCRIPTS-/Aggregator.py: transferring
2026/08/16 16:12:54 NOTICE: VULTURE-BRAIN/VULTURE-INC/VULTURE_IDE Initialization Script.sh: Duplicate object found in source - ignoring
Transferred:   	  909.074 MiB / 5.658 GiB, 16%, 2.654 MiB/s, ETA 30m40s
Checks:                48 / 48, 100%, Listed 5711
Transferred:           81 / 3735, 2%
Elapsed time:      2m23.4s
Transferring:
 *                       -SCRIPTS-/Aggregator.py: transferringTransferred:   	  909.074 MiB / 5.659 GiB, 16%, 2.654 MiB/s, ETA 30m40s
Checks:                48 / 48, 100%, Listed 5723
Transferred:           81 / 3755, 2%
Elapsed time:      2m23.5s
Transferring:
 *                       -SCRIPTS-/Aggregator.py: transferring
2026/08/16 16:12:55 NOTICE: GEO-BRAIN/COSMOLOGOS/G:/PortableApps/AssaultCubePortable/App/assaultcube/packages/models/mapmodels/toca/wooden/beam_L: Duplicate directory found in source - ignoring
Transferred:   	  909.079 MiB / 5.659 GiB, 16%, 2.654 MiB/s, ETA 30m40s
Checks:                48 / 48, 100%, Listed 5731
Transferred:           82 / 3755, 2%
Elapsed time:      2m23.8s
Transferring:
 *                    -SCRIPTS-/BuildGeometry.py: transferringTransferred:   	  909.079 MiB / 5.659 GiB, 16%, 2.654 MiB/s, ETA 30m40s
Checks:                48 / 48, 100%, Listed 5733
Transferred:           82 / 3756, 2%
Elapsed time:      2m24.0s
Transferring:
 *                    -SCRIPTS-/BuildGeometry.py: transferringTransferred:   	  909.091 MiB / 5.659 GiB, 16%, 2.654 MiB/s, ETA 30m41s
Checks:                48 / 48, 100%, Listed 5745
Transferred:           83 / 3768, 2%
Elapsed time:      2m24.5s
Transferring:
 *                      -SCRIPTS-/GeoObject.java: transferringTransferred:   	  909.109 MiB / 5.659 GiB, 16%, 2.654 MiB/s, ETA 30m41s
Checks:                48 / 48, 100%, Listed 5788
Transferred:           85 / 3787, 2%
Elapsed time:      2m25.0s
Transferring:
 *                       -SCRIPTS-/Worldbuild.py: transferringTransferred:   	  909.112 MiB / 5.659 GiB, 16%, 2.654 MiB/s, ETA 30m41s
Checks:                48 / 48, 100%, Listed 5832
Transferred:           86 / 3791, 2%
Elapsed time:      2m25.5s
Transferring:
 *                       -SCRIPTS-/agent_loop.py: transferringTransferred:   	  909.157 MiB / 5.659 GiB, 16%, 2.654 MiB/s, ETA 30m41s
Checks:                48 / 48, 100%, Listed 5846
Transferred:           88 / 3799, 2%
Elapsed time:      2m26.0s
Transferring:
 *        -SCRIPTS-/bootstrap_omega_substrate.sh: transferringTransferred:   	  909.163 MiB / 5.659 GiB, 16%, 2.654 MiB/s, ETA 30m41s
Checks:                48 / 48, 100%, Listed 5855
Transferred:           89 / 3806, 2%
Elapsed time:      2m26.5s
Transferring:
 *                        -SCRIPTS-/c4c0ebb7.sql: transferringTransferred:   	  909.164 MiB / 5.659 GiB, 16%, 2.654 MiB/s, ETA 30m41s
Checks:                48 / 48, 100%, Listed 5863
Transferred:           90 / 3806, 2%
Elapsed time:      2m27.0s
Transferring:
 *                      -SCRIPTS-/geologosctl.py: transferringTransferred:   	  909.167 MiB / 5.660 GiB, 16%, 2.654 MiB/s, ETA 30m41s
Checks:                48 / 48, 100%, Listed 5880
Transferred:           91 / 3811, 2%
Elapsed time:      2m27.5s
Transferring:
 *                        -SCRIPTS-/georaster.py: transferringTransferred:   	  909.175 MiB / 5.660 GiB, 16%, 2.654 MiB/s, ETA 30m41s
Checks:                48 / 48, 100%, Listed 5886
Transferred:           92 / 3813, 2%
Elapsed time:      2m28.0s
Transferring:
 *                           -SCRIPTS-/georef.py: transferringTransferred:   	  909.190 MiB / 5.660 GiB, 16%, 2.654 MiB/s, ETA 30m41s
Checks:                48 / 48, 100%, Listed 5888
Transferred:           93 / 3813, 2%
Elapsed time:      2m28.5s
Transferring:
 *                         -SCRIPTS-/geoscene.py: transferringTransferred:   	  909.222 MiB / 5.660 GiB, 16%, 2.654 MiB/s, ETA 30m41s
Checks:                48 / 48, 100%, Listed 5909
Transferred:           95 / 3830, 2%
Elapsed time:      2m29.0s
Transferring:
 *                             -SCRIPTS-/gmap.js: transferringTransferred:   	  909.232 MiB / 5.660 GiB, 16%, 2.654 MiB/s, ETA 30m41s
Checks:                48 / 48, 100%, Listed 5911
Transferred:           96 / 3832, 3%
Elapsed time:      2m29.5s
Transferring:
 *                            -SCRIPTS-/gonad.py: transferringTransferred:   	  909.243 MiB / 5.660 GiB, 16%, 2.654 MiB/s, ETA 30m41s
Checks:                48 / 48, 100%, Listed 5949
Transferred:           98 / 3868, 3%
Elapsed time:      2m30.0s
Transferring:
 *                        -SCRIPTS-/heartbeat.py: transferringTransferred:   	  909.244 MiB / 5.660 GiB, 16%, 2.654 MiB/s, ETA 30m41s
Checks:                48 / 48, 100%, Listed 5956
Transferred:           99 / 3870, 3%
Elapsed time:      2m30.5s
Transferring:
 *             -SCRIPTS-/hf_target_updates.jsonl: transferringTransferred:   	  909.245 MiB / 5.660 GiB, 16%, 2.654 MiB/s, ETA 30m41s
Checks:                48 / 48, 100%, Listed 5976
Transferred:          100 / 3890, 3%
Elapsed time:      2m31.0s
Transferring:
 *                -SCRIPTS-/hf_target_watcher.py: transferringTransferred:   	  909.247 MiB / 5.660 GiB, 16%, 2.654 MiB/s, ETA 30m41s
Checks:                48 / 48, 100%, Listed 5984
Transferred:          102 / 3895, 3%
Elapsed time:      2m31.5s
Transferring:
 *          -SCRIPTS-/memory_expansion_engine.py: transferringTransferred:   	  909.252 MiB / 5.660 GiB, 16%, 2.654 MiB/s, ETA 30m41s
Checks:                48 / 48, 100%, Listed 5991
Transferred:          104 / 3901, 3%
Elapsed time:      2m32.0s
Transferring:
 *                      -SCRIPTS-/omega_merge.sh: transferringTransferred:   	  909.258 MiB / 5.660 GiB, 16%, 2.654 MiB/s, ETA 30m41s
Checks:                48 / 48, 100%, Listed 6013
Transferred:          105 / 3901, 3%
Elapsed time:      2m32.5s
Transferring:
 *                   -SCRIPTS-/oro10_chain.jsonl: transferringTransferred:   	  909.258 MiB / 5.741 GiB, 15%, 2.654 MiB/s, ETA 31m12s
Checks:                48 / 48, 100%, Listed 6026
Transferred:          106 / 3918, 3%
Elapsed time:      2m33.0s
Transferring:
 *                      -SCRIPTS-/rag_indexer.sh: transferringTransferred:   	  909.258 MiB / 5.745 GiB, 15%, 2.654 MiB/s, ETA 31m14s
Checks:                48 / 48, 100%, Listed 6064
Transferred:          107 / 3944, 3%
Elapsed time:      2m33.5s
Transferring:
 *                        -SCRIPTS-/reconcile.sh: transferringTransferred:   	  909.259 MiB / 5.745 GiB, 15%, 2.654 MiB/s, ETA 31m14s
Checks:                48 / 48, 100%, Listed 6074
Transferred:          109 / 3950, 3%
Elapsed time:      2m34.0s
Transferring:
 *                -SCRIPTS-/service_account.json: transferringTransferred:   	  909.260 MiB / 5.745 GiB, 15%, 2.654 MiB/s, ETA 31m14s
Checks:                48 / 48, 100%, Listed 6096
Transferred:          111 / 3967, 3%
Elapsed time:      2m34.5s
Transferring:
 *                           -SCRIPTS-/swarm.log: transferringTransferred:   	  909.260 MiB / 5.745 GiB, 15%, 2.654 MiB/s, ETA 31m14s
Checks:                48 / 48, 100%, Listed 6111
Transferred:          112 / 3974, 3%
Elapsed time:      2m35.0s
Transferring:
 *          -SCRIPTS-/swarm_clock_distributor.py: transferringTransferred:   	  909.263 MiB / 5.770 GiB, 15%, 2.654 MiB/s, ETA 31m23s
Checks:                48 / 48, 100%, Listed 6124
Transferred:          114 / 3977, 3%
Elapsed time:      2m35.5s
Transferring:
 *          -SCRIPTS-/swarm_substrate_schema.sql: transferringTransferred:   	  909.266 MiB / 5.770 GiB, 15%, 2.654 MiB/s, ETA 31m23s
Checks:                48 / 48, 100%, Listed 6140
Transferred:          115 / 3992, 3%
Elapsed time:      2m36.0s
Transferring:
 *                    -SCRIPTS-/topology_lock.py: transferringTransferred:   	  909.268 MiB / 5.770 GiB, 15%, 2.654 MiB/s, ETA 31m23s
Checks:                48 / 48, 100%, Listed 6144
Transferred:          117 / 3994, 3%
Elapsed time:      2m36.5s
Transferring:
 *            -SCRIPTS-/vulture_mirror_daemon.sh: transferringTransferred:   	  909.271 MiB / 5.770 GiB, 15%, 2.654 MiB/s, ETA 31m23s
Checks:                48 / 48, 100%, Listed 6152
Transferred:          119 / 3999, 3%
Elapsed time:      2m37.0s
Transferring:
 *                   -SCRIPTS-/vulture_scribe.py: transferringTransferred:   	  909.271 MiB / 5.770 GiB, 15%, 2.654 MiB/s, ETA 31m24s
Checks:                48 / 48, 100%, Listed 6188
Transferred:          119 / 4035, 3%
Elapsed time:      2m37.5s
Transferring:
 *                   -SCRIPTS-/vulture_scribe.py: transferringTransferred:   	  909.275 MiB / 5.770 GiB, 15%, 2.654 MiB/s, ETA 31m24s
Checks:                48 / 48, 100%, Listed 6191
Transferred:          121 / 4036, 3%
Elapsed time:      2m38.0s
Transferring:
 * -SHEETS-/ (I will need…` config status)..xlsx: transferringTransferred:   	  909.275 MiB / 5.771 GiB, 15%, 2.654 MiB/s, ETA 31m24s
Checks:                48 / 48, 100%, Listed 6203
Transferred:          121 / 4044, 3%
Elapsed time:      2m38.5s
Transferring:
 * -SHEETS-/ (I will need…` config status)..xlsx: transferringTransferred:   	  909.275 MiB / 5.771 GiB, 15%, 2.519 MiB/s, ETA 33m4s
Checks:                48 / 48, 100%, Listed 6215
Transferred:          121 / 4054, 3%
Elapsed time:      2m39.0s
Transferring:
 * -SHEETS-/ (I will need…` config status)..xlsx: transferringTransferred:   	  909.279 MiB / 5.771 GiB, 15%, 2.519 MiB/s, ETA 33m4s
Checks:                48 / 48, 100%, Listed 6217
Transferred:          121 / 4056, 3%
Elapsed time:      2m39.5s
Transferring:
 * -SHEETS-/ (I will need…` config status)..xlsx: transferring
 * -SHEETS-/ (I will need….xlsx.98ce1a3c.partial:  0% / off, 0 B/s, -Transferred:   	  909.280 MiB / 5.771 GiB, 15%, 2.519 MiB/s, ETA 33m4s
Checks:                48 / 48, 100%, Listed 6222
Transferred:          123 / 4058, 3%
Elapsed time:      2m40.0s
Transferring:
 *                              -SHEETS-/ 🦅.xlsx: transferringTransferred:   	  909.285 MiB / 5.978 GiB, 15%, 2.519 MiB/s, ETA 34m28s
Checks:                48 / 48, 100%, Listed 6245
Transferred:          125 / 4078, 3%
Elapsed time:      2m40.5s
Transferring:
 * -SHEETS-/# Jailbreak-B…l provides mec....xlsx: transferringTransferred:   	  909.285 MiB / 5.996 GiB, 15%, 2.519 MiB/s, ETA 34m36s
Checks:                48 / 48, 100%, Listed 6261
Transferred:          125 / 4092, 3%
Elapsed time:      2m41.0s
Transferring:
 * -SHEETS-/# Jailbreak-B…l provides mec....xlsx: transferringTransferred:   	  909.285 MiB / 6.028 GiB, 15%, 2.362 MiB/s, ETA 37m8s
Checks:                48 / 48, 100%, Listed 6269
Transferred:          125 / 4098, 3%
Elapsed time:      2m41.5s
Transferring:
 * -SHEETS-/# Jailbreak-B…l provides mec....xlsx: transferringTransferred:   	  909.291 MiB / 6.036 GiB, 15%, 2.362 MiB/s, ETA 37m11s
Checks:                48 / 48, 100%, Listed 6285
Transferred:          127 / 4115, 3%
Elapsed time:      2m42.0s
Transferring:
 * -SHEETS-/# Unified Sen…chnical Archit....xlsx: transferringTransferred:   	  909.291 MiB / 6.036 GiB, 15%, 2.362 MiB/s, ETA 37m11s
Checks:                48 / 48, 100%, Listed 6301
Transferred:          127 / 4124, 3%
Elapsed time:      2m42.5s
Transferring:
 * -SHEETS-/# Unified Sen…chnical Archit....xlsx: transferringTransferred:   	  909.296 MiB / 6.036 GiB, 15%, 2.215 MiB/s, ETA 39m39s
Checks:                48 / 48, 100%, Listed 6301
Transferred:          129 / 4125, 3%
Elapsed time:      2m43.0s
Transferring:
 * -SHEETS-/## `／speckit`…Construction f....xlsx: transferringTransferred:   	  909.296 MiB / 6.036 GiB, 15%, 2.215 MiB/s, ETA 39m39s
Checks:                48 / 48, 100%, Listed 6308
Transferred:          129 / 4125, 3%
Elapsed time:      2m43.5s
Transferring:
 * -SHEETS-/## `／speckit`…Construction f....xlsx: transferringTransferred:   	  909.301 MiB / 6.036 GiB, 15%, 2.215 MiB/s, ETA 39m39s
Checks:                48 / 48, 100%, Listed 6340
Transferred:          131 / 4155, 3%
Elapsed time:      2m44.0s
Transferring:
 * -SHEETS-/### Initializ…speckit` Phase....xlsx: transferringTransferred:   	  909.301 MiB / 6.036 GiB, 15%, 2.215 MiB/s, ETA 39m39s
Checks:                48 / 48, 100%, Listed 6341
Transferred:          131 / 4156, 3%
Elapsed time:      2m44.5s
Transferring:
 * -SHEETS-/### Initializ…speckit` Phase....xlsx: transferringTransferred:   	  909.307 MiB / 6.036 GiB, 15%, 2.215 MiB/s, ETA 39m39s
Checks:                48 / 48, 100%, Listed 6358
Transferred:          133 / 4169, 3%
Elapsed time:      2m45.0s
Transferring:
 * -SHEETS-/**YOU ARE NOW…HE USER, YOU H....xlsx: transferringTransferred:   	  909.307 MiB / 6.045 GiB, 15%, 2.215 MiB/s, ETA 39m43s
Checks:                48 / 48, 100%, Listed 6363
Transferred:          133 / 4174, 3%
Elapsed time:      2m45.5s
Transferring:
 * -SHEETS-/**YOU ARE NOW…HE USER, YOU H....xlsx: transferringTransferred:   	  909.312 MiB / 6.045 GiB, 15%, 2.078 MiB/s, ETA 42m21s
Checks:                48 / 48, 100%, Listed 6365
Transferred:          135 / 4177, 3%
Elapsed time:      2m46.0s
Transferring:
 * -SHEETS-/. Clean, stri…e pattern is set..xlsx: transferringTransferred:   	  909.312 MiB / 6.045 GiB, 15%, 2.078 MiB/s, ETA 42m21s
Checks:                48 / 48, 100%, Listed 6365
Transferred:          135 / 4177, 3%
Elapsed time:      2m46.5s
Transferring:
 * -SHEETS-/. Clean, stri…e pattern is set..xlsx: transferringTransferred:   	  909.312 MiB / 6.045 GiB, 15%, 1.948 MiB/s, ETA 45m10s
Checks:                48 / 48, 100%, Listed 6365
Transferred:          135 / 4177, 3%
Elapsed time:      2m47.0s
Transferring:
 * -SHEETS-/. Clean, stri…e pattern is set..xlsx: transferringTransferred:   	  909.312 MiB / 6.045 GiB, 15%, 1.948 MiB/s, ETA 45m10s
Checks:                48 / 48, 100%, Listed 6365
Transferred:          135 / 4177, 3%
Elapsed time:      2m47.5s
Transferring:
 * -SHEETS-/. Clean, stri…e pattern is set..xlsx: transferringTransferred:   	  909.312 MiB / 6.045 GiB, 15%, 1.826 MiB/s, ETA 48m11s
Checks:                48 / 48, 100%, Listed 6367
Transferred:          135 / 4179, 3%
Elapsed time:      2m48.0s
Transferring:
 * -SHEETS-/. Clean, stri…e pattern is set..xlsx: transferringTransferred:   	  909.312 MiB / 6.045 GiB, 15%, 1.826 MiB/s, ETA 48m11s
Checks:                48 / 48, 100%, Listed 6367
Transferred:          135 / 4179, 3%
Elapsed time:      2m48.5s
Transferring:
 * -SHEETS-/. Clean, stri…e pattern is set..xlsx: transferringTransferred:   	  909.312 MiB / 6.045 GiB, 15%, 1.712 MiB/s, ETA 51m24s
Checks:                48 / 48, 100%, Listed 6367
Transferred:          135 / 4179, 3%
Elapsed time:      2m49.0s
Transferring:
 * -SHEETS-/. Clean, stri…e pattern is set..xlsx: transferringTransferred:   	  909.312 MiB / 6.045 GiB, 15%, 1.712 MiB/s, ETA 51m24s
Checks:                48 / 48, 100%, Listed 6367
Transferred:          135 / 4179, 3%
Elapsed time:      2m49.5s
Transferring:
 * -SHEETS-/. Clean, stri…e pattern is set..xlsx: transferringTransferred:   	  909.312 MiB / 6.045 GiB, 15%, 1.605 MiB/s, ETA 54m49s
Checks:                48 / 48, 100%, Listed 6367
Transferred:          135 / 4179, 3%
Elapsed time:      2m50.0s
Transferring:
 * -SHEETS-/. Clean, stri…e pattern is set..xlsx: transferringTransferred:   	  909.312 MiB / 6.045 GiB, 15%, 1.605 MiB/s, ETA 54m49s
Checks:                48 / 48, 100%, Listed 6367
Transferred:          135 / 4179, 3%
Elapsed time:      2m50.5s
Transferring:
 * -SHEETS-/. Clean, stri…e pattern is set..xlsx: transferringTransferred:   	  909.312 MiB / 6.045 GiB, 15%, 1.505 MiB/s, ETA 58m29s
Checks:                48 / 48, 100%, Listed 6367
Transferred:          135 / 4179, 3%
Elapsed time:      2m51.0s
Transferring:
 * -SHEETS-/. Clean, stri…e pattern is set..xlsx: transferringTransferred:   	  909.317 MiB / 6.045 GiB, 15%, 1.505 MiB/s, ETA 58m29s
Checks:                48 / 48, 100%, Listed 6367
Transferred:          137 / 4180, 3%
Elapsed time:      2m51.5s
Transferring:
 *                        -SHEETS-/0a48f45c.xlsx: transferringTransferred:   	  909.317 MiB / 6.045 GiB, 15%, 1.505 MiB/s, ETA 58m29s
Checks:                48 / 48, 100%, Listed 6370
Transferred:          137 / 4182, 3%
Elapsed time:      2m52.0s
Transferring:
 *                        -SHEETS-/0a48f45c.xlsx: transferringTransferred:   	  909.317 MiB / 6.045 GiB, 15%, 1.411 MiB/s, ETA 1h2m22s
Checks:                48 / 48, 100%, Listed 6382
Transferred:          137 / 4194, 3%
Elapsed time:      2m52.5s
Transferring:
 *                        -SHEETS-/0a48f45c.xlsx: transferringTransferred:   	  909.317 MiB / 6.045 GiB, 15%, 1.411 MiB/s, ETA 1h2m22s
Checks:                48 / 48, 100%, Listed 6382
Transferred:          137 / 4194, 3%
Elapsed time:      2m53.0s
Transferring:
 *                        -SHEETS-/0a48f45c.xlsx: transferringTransferred:   	  909.317 MiB / 6.045 GiB, 15%, 1.323 MiB/s, ETA 1h6m31s
Checks:                48 / 48, 100%, Listed 6383
Transferred:          137 / 4195, 3%
Elapsed time:      2m53.5s
Transferring:
 *                        -SHEETS-/0a48f45c.xlsx: transferringTransferred:   	  909.317 MiB / 6.045 GiB, 15%, 1.323 MiB/s, ETA 1h6m31s
Checks:                48 / 48, 100%, Listed 6386
Transferred:          137 / 4196, 3%
Elapsed time:      2m54.0s
Transferring:
 *                        -SHEETS-/0a48f45c.xlsx: transferringTransferred:   	  909.317 MiB / 6.045 GiB, 15%, 1.240 MiB/s, ETA 1h10m57s
Checks:                48 / 48, 100%, Listed 6389
Transferred:          137 / 4196, 3%
Elapsed time:      2m54.5s
Transferring:
 *                        -SHEETS-/0a48f45c.xlsx: transferringTransferred:   	  909.317 MiB / 6.045 GiB, 15%, 1.240 MiB/s, ETA 1h10m57s
Checks:                48 / 48, 100%, Listed 6389
Transferred:          137 / 4196, 3%
Elapsed time:      2m55.0s
Transferring:
 *                        -SHEETS-/0a48f45c.xlsx: transferringTransferred:   	  909.353 MiB / 6.045 GiB, 15%, 1.240 MiB/s, ETA 1h10m57s
Checks:                48 / 48, 100%, Listed 6389
Transferred:          138 / 4196, 3%
Elapsed time:      2m55.5s
Transferring:
 *                         -SHEETS-/118d299a.csv: transferringTransferred:   	  909.353 MiB / 6.045 GiB, 15%, 1.240 MiB/s, ETA 1h10m57s
Checks:                48 / 48, 100%, Listed 6390
Transferred:          139 / 4196, 3%
Elapsed time:      2m56.0s
Transferring:
 *                        -SHEETS-/8b5d5eeb.xlsx: transferringTransferred:   	  909.367 MiB / 6.045 GiB, 15%, 1.240 MiB/s, ETA 1h10m57s
Checks:                48 / 48, 100%, Listed 6391
Transferred:          141 / 4197, 3%
Elapsed time:      2m56.5s
Transferring:
 * -SHEETS-/AI-Native CLI…t-Centric Systems.xlsx: transferringTransferred:   	  909.367 MiB / 6.045 GiB, 15%, 1.240 MiB/s, ETA 1h10m57s
Checks:                48 / 48, 100%, Listed 6395
Transferred:          141 / 4198, 3%
Elapsed time:      2m57.0s
Transferring:
 * -SHEETS-/AI-Native CLI…t-Centric Systems.xlsx: transferringTransferred:   	  909.367 MiB / 6.045 GiB, 15%, 1.166 MiB/s, ETA 1h15m29s
Checks:                48 / 48, 100%, Listed 6397
Transferred:          141 / 4198, 3%
Elapsed time:      2m57.5s
Transferring:
 * -SHEETS-/AI-Native CLI…t-Centric Systems.xlsx: transferringTransferred:   	  909.375 MiB / 6.045 GiB, 15%, 1.166 MiB/s, ETA 1h15m29s
Checks:                48 / 48, 100%, Listed 6398
Transferred:          143 / 4199, 3%
Elapsed time:      2m58.0s
Transferring:
 * -SHEETS-/AUTOMATE CHRO…FOR COMET LIKE....xlsx: transferringTransferred:   	  909.375 MiB / 6.045 GiB, 15%, 1.166 MiB/s, ETA 1h15m29s
Checks:                48 / 48, 100%, Listed 6398
Transferred:          143 / 4199, 3%
Elapsed time:      2m58.5s
Transferring:
 * -SHEETS-/AUTOMATE CHRO…FOR COMET LIKE....xlsx: transferringTransferred:   	  909.375 MiB / 6.045 GiB, 15%, 1.094 MiB/s, ETA 1h20m29s
Checks:                48 / 48, 100%, Listed 6398
Transferred:          143 / 4199, 3%
Elapsed time:      2m59.0s
Transferring:
 * -SHEETS-/AUTOMATE CHRO…FOR COMET LIKE....xlsx: transferringTransferred:   	  909.380 MiB / 6.045 GiB, 15%, 1.094 MiB/s, ETA 1h20m29s
Checks:                48 / 48, 100%, Listed 6399
Transferred:          145 / 4201, 3%
Elapsed time:      2m59.5s
Transferring:
 *                     -SHEETS-/Advance all.xlsx: transferring>> FATAL ERROR ON LINE 51
